"1","UGA49839","mansoni_low_burden"
"4","UGA49765","mansoni_low_burden"
"5","UGA49799","mansoni_low_burden"
"9","UGA49731","mansoni_low_burden"
"13","UGA49707","mansoni_low_burden"
"14","UGA49714","mansoni_low_burden"
"16","UGA49742","mansoni_low_burden"
"19","UGA49779","mansoni_low_burden"
"21","UGA49840","mansoni_low_burden"
"22","UGA49723","mansoni_low_burden"
"24","UGA49782","mansoni_low_burden"
"27","UGA49828","mansoni_low_burden"
"28","UGA49827","mansoni_low_burden"
"30","UGA49834","mansoni_low_burden"
"31","UGA49790","mansoni_low_burden"
"32","UGA49728","mansoni_low_burden"
"33","UGA49768","mansoni_low_burden"
"37","UGA49810","mansoni_low_burden"
"38","UGA49807","mansoni_low_burden"
"39","UGA49738","mansoni_low_burden"
"42","UGA49729","mansoni_low_burden"
"45","UGA49818","mansoni_low_burden"
"48","UGA49816","mansoni_low_burden"
"49","UGA49745","mansoni_low_burden"
"51","UGA49766","mansoni_low_burden"
"52","UGA49720","mansoni_low_burden"
"53","UGA49708","mansoni_low_burden"
"75","UGA49806","mansoni_low_burden"
"77","MLI29996","mansoni_low_burden"
"79","BFA05330","mansoni_low_burden"
"81","MLI30016","mansoni_low_burden"
"84","BFA53005","mansoni_low_burden"
"85","BFA05327","mansoni_low_burden"
"87","BFA05326","mansoni_low_burden"
"88","BFA05332","mansoni_low_burden"
"89","BFA05328","mansoni_low_burden"
"95","BFA05315","mansoni_low_burden"
"96","BFA05313","mansoni_low_burden"
"97","BFA05314","mansoni_low_burden"
"98","BFA05317","mansoni_low_burden"
"100","BFA05316","mansoni_low_burden"
"101","MLI30015","mansoni_low_burden"
"103","BFA53003","mansoni_low_burden"
"104","BFA53004","mansoni_low_burden"
"106","BFA53001","mansoni_low_burden"
"107","BFA05354","mansoni_low_burden"
"111","BFA05358","mansoni_low_burden"
"112","BFA05350","mansoni_low_burden"
"113","BFA05355","mansoni_low_burden"
"115","BFA05347","mansoni_low_burden"
"119","BFA05351","mansoni_low_burden"
"120","BFA05366","mansoni_low_burden"
"126","BFA05341","mansoni_low_burden"
"130","BFA05333","mansoni_low_burden"
"131","BFA05325","mansoni_low_burden"
"132","BFA05324","mansoni_low_burden"
"133","BFA05318","mansoni_low_burden"
"134","BFA05336","mansoni_low_burden"
"135","BFA05320","mansoni_low_burden"
"136","BFA05321","mansoni_low_burden"
"137","BFA05319","mansoni_low_burden"
"138","BFA05344","mansoni_low_burden"
"139","BFA05323","mansoni_low_burden"
"140","BFA05339","mansoni_low_burden"
"141","BFA05334","mansoni_low_burden"
"142","BFA05335","mansoni_low_burden"
"144","MLI29997","mansoni_low_burden"
"146","MLI30002","mansoni_low_burden"
"147","MLI29994","mansoni_low_burden"
"158","MLI29998","mansoni_low_burden"
"160","BFA05374","mansoni_low_burden"
"161","TZA46540","mansoni_low_burden"
"164","TZA46518","mansoni_low_burden"
"165","TZA46541","mansoni_low_burden"
"167","TZA46543","mansoni_low_burden"
"168","TZA46523","mansoni_low_burden"
"169","TZA46551","mansoni_low_burden"
"171","TZA46552","mansoni_low_burden"
"175","TZA46520","mansoni_low_burden"
"177","TZA46572","mansoni_low_burden"
"178","TZA46616","mansoni_low_burden"
"179","TZA46585","mansoni_low_burden"
"185","TZA46610","mansoni_low_burden"
"186","TZA46535","mansoni_low_burden"
"189","TZA46549","mansoni_low_burden"
"190","TZA46584","mansoni_low_burden"
"191","TZA46537","mansoni_low_burden"
"192","TZA46619","mansoni_low_burden"
"195","TZA46547","mansoni_low_burden"
"196","TZA46544","mansoni_low_burden"
"200","TZA46569","mansoni_low_burden"
"201","TZA46539","mansoni_low_burden"
"203","TZA46570","mansoni_low_burden"
"204","TZA46567","mansoni_low_burden"
"205","TZA46582","mansoni_low_burden"
"207","TZA46568","mansoni_low_burden"
"208","TZA46565","mansoni_low_burden"
"211","TZA46573","mansoni_low_burden"
"212","TZA46615","mansoni_low_burden"
"214","TZA46611","mansoni_low_burden"
"216","TZA46606","mansoni_low_burden"
"222","TZA46564","mansoni_low_burden"
"227","TZA46479","mansoni_low_burden"
"234","TZA46464","mansoni_low_burden"
"235","TZA46510","mansoni_low_burden"
"236","TZA46463","mansoni_low_burden"
"240","TZA46602","mansoni_low_burden"
"245","TZA46509","mansoni_low_burden"
"246","TZA46461","mansoni_low_burden"
"247","TZA46507","mansoni_low_burden"
"248","TZA46465","mansoni_low_burden"
"249","TZA46460","mansoni_low_burden"
"250","TZA46462","mansoni_low_burden"
"252","TZA46555","mansoni_low_burden"
"253","TZA46554","mansoni_low_burden"
"254","TZA46607","mansoni_low_burden"
"255","TZA46605","mansoni_low_burden"
"260","TZA46472","mansoni_low_burden"
"261","TZA46599","mansoni_low_burden"
"263","TZA46470","mansoni_low_burden"
"264","TZA46469","mansoni_low_burden"
"265","TZA46601","mansoni_low_burden"
"267","TZA46513","mansoni_low_burden"
"268","TZA46473","mansoni_low_burden"
"269","TZA46603","mansoni_low_burden"
"270","TZA46574","mansoni_low_burden"
"271","TZA46474","mansoni_low_burden"
"273","TZA46571","mansoni_low_burden"
"274","TZA46475","mansoni_low_burden"
"275","TZA46604","mansoni_low_burden"
"276","TZA46608","mansoni_low_burden"
"277","TZA46471","mansoni_low_burden"
"278","TZA46521","mansoni_low_burden"
"279","TZA46522","mansoni_low_burden"
"282","BDI06423","mansoni_low_burden"
"283","BDI06376","mansoni_low_burden"
"284","BDI06383","mansoni_low_burden"
"285","RWA38121","mansoni_low_burden"
"289","BDI06381","mansoni_low_burden"
"290","BDI06378","mansoni_low_burden"
"292","BDI06404","mansoni_low_burden"
"296","RWA38141","mansoni_low_burden"
"300","BDI06401","mansoni_low_burden"
"301","BDI06409","mansoni_low_burden"
"305","BDI06386","mansoni_low_burden"
"310","BDI06408","mansoni_low_burden"
"314","BDI06419","mansoni_low_burden"
"318","MWI28949","mansoni_low_burden"
"319","MWI28955","mansoni_low_burden"
"320","MWI28952","mansoni_low_burden"
"325","MWI28964","mansoni_low_burden"
"328","MWI28966","mansoni_low_burden"
"330","MWI28971","mansoni_low_burden"
"335","MWI28951","mansoni_low_burden"
"337","MWI28969","mansoni_low_burden"
"339","MWI28963","mansoni_low_burden"
"340","MWI28959","mansoni_low_burden"
"341","MWI28958","mansoni_low_burden"
"344","KEN54039","mansoni_low_burden"
"345","SLE42267","mansoni_low_burden"
"347","CAF09664","mansoni_low_burden"
"348","CAF09688","mansoni_low_burden"
"351","KEN54046","mansoni_low_burden"
"352","KEN54087","mansoni_low_burden"
"353","KEN54253","mansoni_low_burden"
"359","KEN54110","mansoni_low_burden"
"362","KEN54243","mansoni_low_burden"
"363","KEN54023","mansoni_low_burden"
"366","KEN54244","mansoni_low_burden"
"367","ZWE52926","mansoni_low_burden"
"369","KEN54112","mansoni_low_burden"
"371","KEN54107","mansoni_low_burden"
"372","KEN54038","mansoni_low_burden"
"373","KEN54168","mansoni_low_burden"
"374","KEN54139","mansoni_low_burden"
"375","KEN54118","mansoni_low_burden"
"382","ZWE52961","mansoni_low_burden"
"383","ZWE52910","mansoni_low_burden"
"384","ZWE52935","mansoni_low_burden"
"385","ZWE52902","mansoni_low_burden"
"386","ZWE52907","mansoni_low_burden"
"388","ZWE52905","mansoni_low_burden"
"390","ZWE52921","mansoni_low_burden"
"395","KEN54042","mansoni_low_burden"
"396","CIV15443","mansoni_low_burden"
"400","SLE42268","mansoni_low_burden"
"402","ZWE52903","mansoni_low_burden"
"403","ZWE52922","mansoni_low_burden"
"404","ZWE52929","mansoni_low_burden"
"408","KEN54125","mansoni_low_burden"
"409","KEN54044","mansoni_low_burden"
"410","ETH19494","mansoni_low_burden"
"411","ETH19480","mansoni_low_burden"
"412","TGO48709","mansoni_low_burden"
"416","CIV15419","mansoni_low_burden"
"419","CIV15414","mansoni_low_burden"
"420","CIV15412","mansoni_low_burden"
"421","CIV15413","mansoni_low_burden"
"422","CIV15429","mansoni_low_burden"
"423","CIV15430","mansoni_low_burden"
"426","CIV15435","mansoni_low_burden"
"427","CIV15436","mansoni_low_burden"
"428","CIV15446","mansoni_low_burden"
"430","CIV15448","mansoni_low_burden"
"431","CIV15449","mansoni_low_burden"
"434","CIV15464","mansoni_low_burden"
"439","CIV15428","mansoni_low_burden"
"440","CIV15460","mansoni_low_burden"
"447","CIV15444","mansoni_low_burden"
"456","CAF09692","mansoni_low_burden"
"457","CAF09680","mansoni_low_burden"
"458","CAF09691","mansoni_low_burden"
"459","CAF09687","mansoni_low_burden"
"460","CAF09690","mansoni_low_burden"
"464","MLI30035","mansoni_low_burden"
"465","TCD10769","mansoni_low_burden"
"466","ETH19386","mansoni_low_burden"
"467","ETH19466","mansoni_low_burden"
"468","ETH19450","mansoni_low_burden"
"470","KEN54048","mansoni_low_burden"
"471","ZWE52931","mansoni_low_burden"
"475","ZWE52911","mansoni_low_burden"
"476","ZWE52924","mansoni_low_burden"
"477","ZWE52939","mansoni_low_burden"
"478","ZWE52940","mansoni_low_burden"
"479","ZWE52948","mansoni_low_burden"
"483","ETH19368","mansoni_low_burden"
"484","ETH19469","mansoni_low_burden"
"490","ZWE52942","mansoni_low_burden"
"497","ZWE52941","mansoni_low_burden"
"501","TGO48694","mansoni_low_burden"
"504","TGO48683","mansoni_low_burden"
"505","TGO48691","mansoni_low_burden"
"507","TGO48696","mansoni_low_burden"
"510","TGO48689","mansoni_low_burden"
"511","TGO48698","mansoni_low_burden"
"512","TGO48690","mansoni_low_burden"
"517","GHA21427","mansoni_low_burden"
"519","SEN40199","mansoni_low_burden"
"520","GHA21483","mansoni_low_burden"
"521","GHA21484","mansoni_low_burden"
"524","GHA21598","mansoni_low_burden"
"526","COD13896","mansoni_low_burden"
"527","NGA36924","mansoni_low_burden"
"528","GHA21573","mansoni_low_burden"
"530","GHA21441","mansoni_low_burden"
"531","COD13879","mansoni_low_burden"
"538","GHA21571","mansoni_low_burden"
"540","NGA36915","mansoni_low_burden"
"542","ETH18666","mansoni_low_burden"
"543","GHA21453","mansoni_low_burden"
"545","AGO02201","mansoni_low_burden"
"546","SEN40223","mansoni_low_burden"
"547","SEN40225","mansoni_low_burden"
"549","NGA36815","mansoni_low_burden"
"551","NGA36527","mansoni_low_burden"
"552","NGA36537","mansoni_low_burden"
"553","NGA36536","mansoni_low_burden"
"559","NGA37099","mansoni_low_burden"
"561","AGO02205","mansoni_low_burden"
"562","GHA21382","mansoni_low_burden"
"567","NGA36663","mansoni_low_burden"
"568","COD14042","mansoni_low_burden"
"569","NGA36569","mansoni_low_burden"
"571","NGA36937","mansoni_low_burden"
"572","NGA36352","mansoni_low_burden"
"574","NGA36936","mansoni_low_burden"
"579","TGO48701","mansoni_low_burden"
"582","TGO48668","mansoni_low_burden"
"583","TGO48704","mansoni_low_burden"
"584","TGO48695","mansoni_low_burden"
"586","TGO48673","mansoni_low_burden"
"589","MOZ33244","mansoni_low_burden"
"591","MLI30033","mansoni_low_burden"
"596","TGO48670","mansoni_low_burden"
"601","ERI17429","mansoni_low_burden"
"602","ERI17441","mansoni_low_burden"
"606","MOZ33108","mansoni_low_burden"
"612","GHA21394","mansoni_low_burden"
"614","ETH18878","mansoni_low_burden"
"615","GHA21391","mansoni_low_burden"
"619","NGA36611","mansoni_low_burden"
"622","NGA36906","mansoni_low_burden"
"623","NGA37070","mansoni_low_burden"
"624","NGA36523","mansoni_low_burden"
"625","NGA36543","mansoni_low_burden"
"626","ETH19192","mansoni_low_burden"
"631","SEN40211","mansoni_low_burden"
"635","SEN40174","mansoni_low_burden"
"636","SEN40172","mansoni_low_burden"
"637","SEN40198","mansoni_low_burden"
"638","SEN40188","mansoni_low_burden"
"642","SEN40210","mansoni_low_burden"
"643","SEN40224","mansoni_low_burden"
"644","SEN40208","mansoni_low_burden"
"649","AGO02204","mansoni_low_burden"
"651","GHA21551","mansoni_low_burden"
"653","GHA21581","mansoni_low_burden"
"654","GHA21456","mansoni_low_burden"
"655","GHA21540","mansoni_low_burden"
"656","GHA21574","mansoni_low_burden"
"657","GHA21603","mansoni_low_burden"
"658","GHA21397","mansoni_low_burden"
"661","ETH18783","mansoni_low_burden"
"662","ETH18935","mansoni_low_burden"
"663","GHA21534","mansoni_low_burden"
"667","NGA36874","mansoni_low_burden"
"674","BEN03235","mansoni_low_burden"
"675","BEN03238","mansoni_low_burden"
"676","BEN03251","mansoni_low_burden"
"677","BEN03223","mansoni_low_burden"
"678","SEN40213","mansoni_low_burden"
"680","NGA37041","mansoni_low_burden"
"681","NGA36561","mansoni_low_burden"
"682","NGA36568","mansoni_low_burden"
"685","ZWE52963","mansoni_low_burden"
"686","ZWE52917","mansoni_low_burden"
"687","SEN40171","mansoni_low_burden"
"690","AGO02193","mansoni_low_burden"
"691","AGO02202","mansoni_low_burden"
"692","AGO02207","mansoni_low_burden"
"693","ETH18602","mansoni_low_burden"
"696","ETH18645","mansoni_low_burden"
"701","SEN40164","mansoni_low_burden"
"702","GHA21421","mansoni_low_burden"
"703","GHA21505","mansoni_low_burden"
"707","SEN40207","mansoni_low_burden"
"712","NGA37066","mansoni_low_burden"
"713","ETH18641","mansoni_low_burden"
"714","NGA36816","mansoni_low_burden"
"721","NGA37072","mansoni_low_burden"
"722","ETH19032","mansoni_low_burden"
"725","ETH18802","mansoni_low_burden"
"728","ETH18991","mansoni_low_burden"
"729","SEN40168","mansoni_low_burden"
"730","SEN40169","mansoni_low_burden"
"731","NGA36565","mansoni_low_burden"
"734","ETH18751","mansoni_low_burden"
"736","ETH18954","mansoni_low_burden"
"737","ETH18957","mansoni_low_burden"
"739","NGA36575","mansoni_low_burden"
"748","ETH18849","mansoni_low_burden"
"753","NGA37076","mansoni_low_burden"
"754","SEN40186","mansoni_low_burden"
"755","NGA36576","mansoni_low_burden"
"759","NGA36525","mansoni_low_burden"
"760","ETH18754","mansoni_low_burden"
"761","ETH18550","mansoni_low_burden"
"762","ETH18558","mansoni_low_burden"
"768","NGA36346","mansoni_low_burden"
"772","NGA36841","mansoni_low_burden"
"773","NGA37060","mansoni_low_burden"
"774","NGA37061","mansoni_low_burden"
"777","MOZ33246","mansoni_low_burden"
"778","MOZ33137","mansoni_low_burden"
"780","BEN03224","mansoni_low_burden"
"781","MOZ33133","mansoni_low_burden"
"783","NGA36595","mansoni_low_burden"
"784","NGA36556","mansoni_low_burden"
"785","NGA36553","mansoni_low_burden"
"786","NGA36559","mansoni_low_burden"
"788","NGA37007","mansoni_low_burden"
"789","NGA36866","mansoni_low_burden"
"791","ETH18623","mansoni_low_burden"
"792","NGA36873","mansoni_low_burden"
"794","NGA37098","mansoni_low_burden"
"795","NGA37110","mansoni_low_burden"
"797","NGA36533","mansoni_low_burden"
"799","NGA37108","mansoni_low_burden"
"800","NGA37109","mansoni_low_burden"
"801","NGA37097","mansoni_low_burden"
"804","NGA37101","mansoni_low_burden"
"806","COD13874","mansoni_low_burden"
"808","NGA36868","mansoni_low_burden"
"813","NGA36864","mansoni_low_burden"
"814","NGA37009","mansoni_low_burden"
"819","AGO02190","mansoni_low_burden"
"826","AGO02116","mansoni_low_burden"
"828","AGO02118","mansoni_low_burden"
"829","AGO02119","mansoni_low_burden"
"830","AGO02120","mansoni_low_burden"
"831","AGO02122","mansoni_low_burden"
"832","AGO02123","mansoni_low_burden"
"834","AGO02126","mansoni_low_burden"
"835","NGA37001","mansoni_low_burden"
"836","NGA37003","mansoni_low_burden"
"837","NGA37004","mansoni_low_burden"
"838","NGA37005","mansoni_low_burden"
"839","NGA37011","mansoni_low_burden"
"840","NGA36548","mansoni_low_burden"
"888","GHA21388","mansoni_low_burden"
"893","GHA21558","mansoni_low_burden"
"895","NGA36341","mansoni_low_burden"
"896","NGA36631","mansoni_low_burden"
"897","NGA36643","mansoni_low_burden"
"898","NGA36647","mansoni_low_burden"
"899","NGA36651","mansoni_low_burden"
"903","MOZ33146","mansoni_low_burden"
"904","MOZ33103","mansoni_low_burden"
"905","ETH18753","mansoni_low_burden"
"907","NGA37010","mansoni_low_burden"
"908","NGA37014","mansoni_low_burden"
"909","NGA36633","mansoni_low_burden"
"910","NGA36344","mansoni_low_burden"
"913","NGA36640","mansoni_low_burden"
"918","NGA36646","mansoni_low_burden"
"920","NGA36650","mansoni_low_burden"
"921","NGA36652","mansoni_low_burden"
"925","NGA36912","mansoni_low_burden"
"928","NGA36931","mansoni_low_burden"
"932","ETH18741","mansoni_low_burden"
"934","CIV15344","mansoni_low_burden"
"935","CIV15331","mansoni_low_burden"
"937","CIV15333","mansoni_low_burden"
"952","COD14116","mansoni_low_burden"
"956","BEN03220","mansoni_low_burden"
"963","NGA37064","mansoni_low_burden"
"964","NGA36351","mansoni_low_burden"
"970","NGA36340","mansoni_low_burden"
"972","NGA36638","mansoni_low_burden"
"974","NGA36927","mansoni_low_burden"
"976","ETH19331","mansoni_low_burden"
"982","NGA36895","mansoni_low_burden"
"983","NGA36738","mansoni_low_burden"
"984","NGA36708","mansoni_low_burden"
"985","NGA36711","mansoni_low_burden"
"987","NGA36749","mansoni_low_burden"
"988","ZMB53176","mansoni_low_burden"
"989","NGA36877","mansoni_low_burden"
"990","NGA36876","mansoni_low_burden"
"992","NGA36897","mansoni_low_burden"
"995","NGA36884","mansoni_low_burden"
"1002","NGA37068","mansoni_low_burden"
"1006","NGA36510","mansoni_low_burden"
"1010","NGA36621","mansoni_low_burden"
"1011","NGA36521","mansoni_low_burden"
"1012","ETH19126","mansoni_low_burden"
"1013","ETH18513","mansoni_low_burden"
"1014","ETH18689","mansoni_low_burden"
"1015","ETH18698","mansoni_low_burden"
"1017","MLI29985","mansoni_low_burden"
"1018","ETH18660","mansoni_low_burden"
"1019","NGA37050","mansoni_low_burden"
"1022","ETH18731","mansoni_low_burden"
"1023","ETH19175","mansoni_low_burden"
"1026","NGA36579","mansoni_low_burden"
"1028","NGA36425","mansoni_low_burden"
"1030","NGA36424","mansoni_low_burden"
"1032","NGA36900","mansoni_low_burden"
"1034","NGA36919","mansoni_low_burden"
"1035","NGA36725","mansoni_low_burden"
"1037","NGA36757","mansoni_low_burden"
"1038","NGA36689","mansoni_low_burden"
"1039","NGA36767","mansoni_low_burden"
"1042","NGA36810","mansoni_low_burden"
"1044","NGA36958","mansoni_low_burden"
"1045","NGA36701","mansoni_low_burden"
"1047","BEN03265","mansoni_low_burden"
"1049","NGA36590","mansoni_low_burden"
"1050","NGA36593","mansoni_low_burden"
"1053","NGA36505","mansoni_low_burden"
"1057","NGA36586","mansoni_low_burden"
"1064","NGA37081","mansoni_low_burden"
"1065","GNB23732","mansoni_low_burden"
"1067","NGA36941","mansoni_low_burden"
"1068","ETH19317","mansoni_low_burden"
"1073","NGA36691","mansoni_low_burden"
"1075","NGA36967","mansoni_low_burden"
"1076","NGA36599","mansoni_low_burden"
"1078","NGA36607","mansoni_low_burden"
"1081","NGA36598","mansoni_low_burden"
"1082","NGA36986","mansoni_low_burden"
"1083","NGA36902","mansoni_low_burden"
"1085","MLI29983","mansoni_low_burden"
"1090","TGO48678","mansoni_low_burden"
"1091","NGA36727","mansoni_low_burden"
"1096","NGA36879","mansoni_low_burden"
"1098","NGA36687","mansoni_low_burden"
"1099","ETH19322","mansoni_low_burden"
"1101","NGA36724","mansoni_low_burden"
"1105","NGA36889","mansoni_low_burden"
"1106","GNB23707","mansoni_low_burden"
"1107","GNB23708","mansoni_low_burden"
"1109","NGA36613","mansoni_low_burden"
"1111","NGA36567","mansoni_low_burden"
"1116","SLE42256","mansoni_low_burden"
"1118","MLI29984","mansoni_low_burden"
"1121","MLI29982","mansoni_low_burden"
"1124","NGA36883","mansoni_low_burden"
"1125","GHA21424","mansoni_low_burden"
"1126","NGA36788","mansoni_low_burden"
"1131","ZMB50850","mansoni_low_burden"
"1133","ZMB50852","mansoni_low_burden"
"1134","GNB23705","mansoni_low_burden"
"1141","ETH18903","mansoni_low_burden"
"1143","AGO02067","mansoni_low_burden"
"1144","ETH19297","mansoni_low_burden"
"1145","NGA37053","mansoni_low_burden"
"1146","NGA37046","mansoni_low_burden"
"1147","NGA36627","mansoni_low_burden"
"1155","ETH18585","mansoni_low_burden"
"1156","ETH18872","mansoni_low_burden"
"1157","NGA36518","mansoni_low_burden"
"1158","ETH18701","mansoni_low_burden"
"1159","ETH18690","mansoni_low_burden"
"1160","NGA36619","mansoni_low_burden"
"1162","NGA36509","mansoni_low_burden"
"1164","ETH18621","mansoni_low_burden"
"1166","MLI29987","mansoni_low_burden"
"1170","NGA36520","mansoni_low_burden"
"1173","MLI30004","mansoni_low_burden"
"1174","ETH19095","mansoni_low_burden"
"1175","ETH19102","mansoni_low_burden"
"1176","AGO02066","mansoni_low_burden"
"1181","ETH19086","mansoni_low_burden"
"1183","ETH19043","mansoni_low_burden"
"1184","ETH18932","mansoni_low_burden"
"1186","NGA36413","mansoni_low_burden"
"1194","ETH19120","mansoni_low_burden"
"1197","ETH19253","mansoni_low_burden"
"1198","ETH18688","mansoni_low_burden"
"1199","ETH19237","mansoni_low_burden"
"1201","NGA36620","mansoni_low_burden"
"1203","GHA21419","mansoni_low_burden"
"1212","GHA21531","mansoni_low_burden"
"1213","GHA21532","mansoni_low_burden"
"1215","GHA21563","mansoni_low_burden"
"1230","GHA21380","mansoni_low_burden"
"1231","GHA21387","mansoni_low_burden"
"1232","GHA21390","mansoni_low_burden"
"1233","GHA21392","mansoni_low_burden"
"1234","GHA21393","mansoni_low_burden"
"1235","GHA21402","mansoni_low_burden"
"1239","GHA21568","mansoni_low_burden"
"1240","GHA21597","mansoni_low_burden"
"1241","NGA36411","mansoni_low_burden"
"1242","NGA36415","mansoni_low_burden"
"1243","NGA36419","mansoni_low_burden"
"1244","ETH19134","mansoni_low_burden"
"1247","NGA36903","mansoni_low_burden"
"1249","ETH18617","mansoni_low_burden"
"1251","NGA36907","mansoni_low_burden"
"1252","NGA36908","mansoni_low_burden"
"1254","NGA36702","mansoni_low_burden"
"1255","NGA36756","mansoni_low_burden"
"1256","NGA36774","mansoni_low_burden"
"1257","NGA36778","mansoni_low_burden"
"1259","NGA36770","mansoni_low_burden"
"1260","NGA36768","mansoni_low_burden"
"1261","NGA36769","mansoni_low_burden"
"1262","NGA36739","mansoni_low_burden"
"1263","NGA36750","mansoni_low_burden"
"1265","ETH18686","mansoni_low_burden"
"1266","NGA36677","mansoni_low_burden"
"1267","MLI30010","mansoni_low_burden"
"1268","ETH19233","mansoni_low_burden"
"1272","NGA36700","mansoni_low_burden"
"1273","NGA36705","mansoni_low_burden"
"1274","NGA36683","mansoni_low_burden"
"1275","COG12823","mansoni_low_burden"
"1276","ETH18997","mansoni_low_burden"
"1278","ETH19131","mansoni_low_burden"
"1279","ETH19278","mansoni_low_burden"
"1280","ETH19281","mansoni_low_burden"
"1281","ETH19307","mansoni_low_burden"
"1282","ETH19027","mansoni_low_burden"
"1283","ETH19325","mansoni_low_burden"
"1285","NGA36475","mansoni_low_burden"
"1287","NGA36463","mansoni_low_burden"
"1288","NGA36465","mansoni_low_burden"
"1289","ETH19235","mansoni_low_burden"
"1292","ETH19258","mansoni_low_burden"
"1294","ETH19217","mansoni_low_burden"
"1295","ETH18995","mansoni_low_burden"
"1298","ETH18735","mansoni_low_burden"
"1299","BEN03264","mansoni_low_burden"
"1300","BEN03244","mansoni_low_burden"
"1303","BEN03248","mansoni_low_burden"
"1304","BEN03257","mansoni_low_burden"
"1305","BEN03212","mansoni_low_burden"
"1306","BEN03266","mansoni_low_burden"
"1308","ETH18714","mansoni_low_burden"
"1309","ETH18794","mansoni_low_burden"
"1310","ETH18810","mansoni_low_burden"
"1311","ETH18890","mansoni_low_burden"
"1312","ETH18977","mansoni_low_burden"
"1317","COD13886","mansoni_low_burden"
"1318","COD14010","mansoni_low_burden"
"1319","COD14018","mansoni_low_burden"
"1320","COD14025","mansoni_low_burden"
"1323","ETH19248","mansoni_low_burden"
"1327","ETH18722","mansoni_low_burden"
"1329","ETH18724","mansoni_low_burden"
"1332","NGA36762","mansoni_low_burden"
"1334","NGA36811","mansoni_low_burden"
"1337","NGA36775","mansoni_low_burden"
"1338","NGA36777","mansoni_low_burden"
"1339","NGA36779","mansoni_low_burden"
"1341","NGA36597","mansoni_low_burden"
"1342","NGA36766","mansoni_low_burden"
"1343","NGA36746","mansoni_low_burden"
"1347","ETH19157","mansoni_low_burden"
"1348","ETH18706","mansoni_low_burden"
"1349","ETH18709","mansoni_low_burden"
"1351","ETH18713","mansoni_low_burden"
"1353","NGA36539","mansoni_low_burden"
"1355","ETH18705","mansoni_low_burden"
"1356","ETH18749","mansoni_low_burden"
"1357","ETH19277","mansoni_low_burden"
"1360","ETH19295","mansoni_low_burden"
"1363","ETH18974","mansoni_low_burden"
"1364","ETH18712","mansoni_low_burden"
"1365","ETH19318","mansoni_low_burden"
"1368","NGA36833","mansoni_low_burden"
"1369","ETH19288","mansoni_low_burden"
"1372","LBR26825","mansoni_low_burden"
"1376","NGA36994","mansoni_low_burden"
"1377","ETH19226","mansoni_low_burden"
"1381","NGA36992","mansoni_low_burden"
"1382","NGA36979","mansoni_low_burden"
"1383","NGA36980","mansoni_low_burden"
"1385","CIV15329","mansoni_low_burden"
"1386","ETH18580","mansoni_low_burden"
"1389","ETH18691","mansoni_low_burden"
"1390","ETH19123","mansoni_low_burden"
"1391","ETH19162","mansoni_low_burden"
"1395","ETH19184","mansoni_low_burden"
"1399","ETH19199","mansoni_low_burden"
"1402","ETH19008","mansoni_low_burden"
"1403","ETH18703","mansoni_low_burden"
"1407","ETH19250","mansoni_low_burden"
"1408","ETH19124","mansoni_low_burden"
"1410","GNB23735","mansoni_low_burden"
"1412","GNB23739","mansoni_low_burden"
"1413","GNB23737","mansoni_low_burden"
"1416","GNB23736","mansoni_low_burden"
"1417","GNB23730","mansoni_low_burden"
"1418","NGA36949","mansoni_low_burden"
"1420","ETH18799","mansoni_low_burden"
"1422","ETH18818","mansoni_low_burden"
"1423","ETH19303","mansoni_low_burden"
"1424","ETH18630","mansoni_low_burden"
"1427","ETH18975","mansoni_low_burden"
"1428","ETH19313","mansoni_low_burden"
"1433","ETH18667","mansoni_low_burden"
"1435","ETH19326","mansoni_low_burden"
"1437","ETH19038","mansoni_low_burden"
"1442","GHA21400","mansoni_low_burden"
"1447","NGA36692","mansoni_low_burden"
"1452","ETH18926","mansoni_low_burden"
"1453","ETH18892","mansoni_low_burden"
"1454","ETH18934","mansoni_low_burden"
"1455","ETH19003","mansoni_low_burden"
"1456","NGA36624","mansoni_low_burden"
"1457","NGA36626","mansoni_low_burden"
"1458","NGA36557","mansoni_low_burden"
"1460","ETH19132","mansoni_low_burden"
"1461","ETH19161","mansoni_low_burden"
"1462","ETH19154","mansoni_low_burden"
"1464","ETH18570","mansoni_low_burden"
"1465","ETH18598","mansoni_low_burden"
"1466","SEN40189","mansoni_low_burden"
"1470","ETH19283","mansoni_low_burden"
"1474","ETH18725","mansoni_low_burden"
"1487","NGA36840","mansoni_low_burden"
"1490","NGA36789","mansoni_low_burden"
"1491","BEN03231","mansoni_low_burden"
"1494","MOZ33209","mansoni_low_burden"
"1496","AGO02051","mansoni_low_burden"
"1497","NGA36807","mansoni_low_burden"
"1498","NGA36814","mansoni_low_burden"
"1504","NGA36615","mansoni_low_burden"
"1505","GHA21429","mansoni_low_burden"
"1506","GHA21493","mansoni_low_burden"
"1509","NGA36845","mansoni_low_burden"
"1512","MLI30024","mansoni_low_burden"
"1513","NGA36402","mansoni_low_burden"
"1514","NGA36850","mansoni_low_burden"
"1515","MOZ33204","mansoni_low_burden"
"1517","ETH19105","mansoni_low_burden"
"1521","ETH18670","mansoni_low_burden"
"1522","ERI17448","mansoni_low_burden"
"1524","MOZ33240","mansoni_low_burden"
"1527","ETH19071","mansoni_low_burden"
"1528","NGA36784","mansoni_low_burden"
"1533","NGA36685","mansoni_low_burden"
"1535","MOZ33229","mansoni_low_burden"
"1536","CIV15355","mansoni_low_burden"
"1537","MOZ33107","mansoni_low_burden"
"1538","NGA36794","mansoni_low_burden"
"1539","NGA36792","mansoni_low_burden"
"1541","NGA36796","mansoni_low_burden"
"1546","COD14272","mansoni_low_burden"
"1548","GIN22623","mansoni_low_burden"
"1549","GIN22621","mansoni_low_burden"
"1551","NGA36698","mansoni_low_burden"
"1554","GIN22604","mansoni_low_burden"
"1555","GIN22618","mansoni_low_burden"
"1568","TZA46591","mansoni_low_burden"
"1574","TZA46488","mansoni_low_burden"
"1581","TZA46642","mansoni_low_burden"
"1594","MLI30020","mansoni_low_burden"
"1596","TZA46581","mansoni_low_burden"
"1597","AGO02099","mansoni_low_burden"
"1598","AGO02100","mansoni_low_burden"
"1599","AGO02103","mansoni_low_burden"
"1600","AGO02107","mansoni_low_burden"
"1601","AGO02167","mansoni_low_burden"
"1604","ETH18668","mansoni_low_burden"
"1605","NGA36790","mansoni_low_burden"
"1606","NGA36795","mansoni_low_burden"
"1607","NGA36799","mansoni_low_burden"
"1608","NGA37057","mansoni_low_burden"
"1609","NGA37056","mansoni_low_burden"
"1610","NGA37049","mansoni_low_burden"
"1611","NGA36658","mansoni_low_burden"
"1612","NGA36804","mansoni_low_burden"
"1613","MOZ33116","mansoni_low_burden"
"1614","NGA36805","mansoni_low_burden"
"1615","MOZ33106","mansoni_low_burden"
"1625","ERI17435","mansoni_low_burden"
"1627","NGA37102","mansoni_low_burden"
"1636","NGA36686","mansoni_low_burden"
"1638","NGA36740","mansoni_low_burden"
"1639","NGA36742","mansoni_low_burden"
"1640","NGA36716","mansoni_low_burden"
"1647","MOZ33252","mansoni_low_burden"
"1648","MOZ33250","mansoni_low_burden"
"1668","ETH18506","mansoni_low_burden"
"1669","ETH18834","mansoni_low_burden"
"1672","MLI29973","mansoni_low_burden"
"1674","GIN22625","mansoni_low_burden"
"1675","GIN22620","mansoni_low_burden"
"1676","GIN22608","mansoni_low_burden"
"1678","MLI29977","mansoni_low_burden"
"1696","MOZ33104","mansoni_low_burden"
"1697","MOZ33111","mansoni_low_burden"
"1700","COD14221","mansoni_low_burden"
"1702","GHA21503","mansoni_low_burden"
"1704","LBR26823","mansoni_low_burden"
"1718","GHA21450","mansoni_low_burden"
"1719","GHA21451","mansoni_low_burden"
"1720","GHA21489","mansoni_low_burden"
"1741","ETH19056","mansoni_low_burden"
"1748","ETH18771","mansoni_low_burden"
"1749","ETH18850","mansoni_low_burden"
"1751","SEN40162","mansoni_low_burden"
"1752","GHA21430","mansoni_low_burden"
"1753","AGO02157","mansoni_low_burden"
"1754","ETH19241","mansoni_low_burden"
"1777","NGA36630","mansoni_low_burden"
"1779","NGA36813","mansoni_low_burden"
"1781","ETH19045","mansoni_low_burden"
"1782","ETH18775","mansoni_low_burden"
"1783","ETH18566","mansoni_low_burden"
"1788","MOZ33110","mansoni_low_burden"
"1790","GMB47623","mansoni_low_burden"
"1791","GMB47650","mansoni_low_burden"
"1793","GMB47662","mansoni_low_burden"
"1795","GMB47654","mansoni_low_burden"
"1801","SLE42259","mansoni_low_burden"
"1804","RWA38123","mansoni_low_burden"
"1805","RWA38139","mansoni_low_burden"
"1807","RWA38125","mansoni_low_burden"
"1808","AGO02062","mansoni_low_burden"
"1809","UGA49771","mansoni_low_burden"
"1812","MRT31053","mansoni_low_burden"
"1815","MRT31056","mansoni_low_burden"
"1818","RWA38128","mansoni_low_burden"
"1821","COD14234","mansoni_low_burden"
"1822","AGO02059","mansoni_low_burden"
"1824","NGA36477","mansoni_low_burden"
"1826","KEN54167","mansoni_low_burden"
"1827","NGA36917","mansoni_low_burden"
"1828","ZMB50875","mansoni_low_burden"
"1829","ZMB50877","mansoni_low_burden"
"1831","ZMB50882","mansoni_low_burden"
"1832","ZMB50884","mansoni_low_burden"
"1835","ZMB53196","mansoni_low_burden"
"1843","UGA49785","mansoni_low_burden"
"1848","ZMB50832","mansoni_low_burden"
"1851","GMB47636","mansoni_low_burden"
"1853","GMB47635","mansoni_low_burden"
"1855","GMB47631","mansoni_low_burden"
"1857","GMB47634","mansoni_low_burden"
"1859","GMB47653","mansoni_low_burden"
"1861","GMB47644","mansoni_low_burden"
"1862","GMB47641","mansoni_low_burden"
"1864","ETH18671","mansoni_low_burden"
"1865","ETH19306","mansoni_low_burden"
"1867","RWA38131","mansoni_low_burden"
"1871","GIN22628","mansoni_low_burden"
"1873","RWA38126","mansoni_low_burden"
"1875","MRT31057","mansoni_low_burden"
"1876","MRT31047","mansoni_low_burden"
"1877","TCD10715","mansoni_low_burden"
"1878","TCD10754","mansoni_low_burden"
"1881","TCD10736","mansoni_low_burden"
"1885","RWA38113","mansoni_low_burden"
"1894","MRT31067","mansoni_low_burden"
"1897","COD14292","mansoni_low_burden"
"1910","AGO02083","mansoni_low_burden"
"1920","TCD10706","mansoni_low_burden"
"1921","TCD10709","mansoni_low_burden"
"1923","ETH19019","mansoni_low_burden"
"1924","ETH18554","mansoni_low_burden"
"1929","ETH18746","mansoni_low_burden"
"1930","NGA36474","mansoni_low_burden"
"1937","NGA36669","mansoni_low_burden"
"1940","NGA36457","mansoni_low_burden"
"1944","ERI17445","mansoni_low_burden"
"1945","ERI17447","mansoni_low_burden"
"1947","ETH18553","mansoni_low_burden"
"1948","ETH18556","mansoni_low_burden"
"1950","ERI17471","mansoni_low_burden"
"1952","ERI17470","mansoni_low_burden"
"1954","ETH18649","mansoni_low_burden"
"1955","MRT31065","mansoni_low_burden"
"1957","MRT31066","mansoni_low_burden"
"1960","MRT31064","mansoni_low_burden"
"1964","ZMB53185","mansoni_low_burden"
"1965","ZMB53186","mansoni_low_burden"
"1969","CIV15350","mansoni_low_burden"
"1973","CIV15374","mansoni_low_burden"
"1979","TZA46638","mansoni_low_burden"
"1980","TZA46644","mansoni_low_burden"
"2014","NGA36469","mansoni_low_burden"
"2015","ETH18776","mansoni_low_burden"
"2016","ETH18804","mansoni_low_burden"
"2018","ETH18839","mansoni_low_burden"
"2023","NGA36771","mansoni_low_burden"
"2024","NGA36455","mansoni_low_burden"
"2025","NGA36456","mansoni_low_burden"
"2026","NGA36470","mansoni_low_burden"
"2031","MLI29995","mansoni_low_burden"
"2032","BFA53006","mansoni_low_burden"
"2033","BFA53007","mansoni_low_burden"
"2038","GIN22630","mansoni_low_burden"
"2039","GIN22606","mansoni_low_burden"
"2041","ZMB50886","mansoni_low_burden"
"2042","ZMB53188","mansoni_low_burden"
"2043","ZMB53189","mansoni_low_burden"
"2044","GIN22639","mansoni_low_burden"
"2068","NGA36448","mansoni_low_burden"
"2069","NGA36451","mansoni_low_burden"
"2071","ETH18750","mansoni_low_burden"
"2073","ETH19319","mansoni_low_burden"
"2074","ETH19183","mansoni_low_burden"
"2075","GIN22626","mansoni_low_burden"
"2076","BEN03236","mansoni_low_burden"
"2077","TCD10667","mansoni_low_burden"
"2078","TCD10668","mansoni_low_burden"
"2082","TCD10710","mansoni_low_burden"
"2085","NGA36511","mansoni_low_burden"
"2087","NGA36826","mansoni_low_burden"
"2095","ETH19366","mansoni_low_burden"
"2097","NGA36999","mansoni_low_burden"
"2098","NGA36964","mansoni_low_burden"
"2102","ETH19497","mansoni_low_burden"
"2105","GNB23683","mansoni_low_burden"
"2108","NGA36959","mansoni_low_burden"
"2110","NGA36494","mansoni_low_burden"
"2111","AGO02056","mansoni_low_burden"
"2112","NGA36496","mansoni_low_burden"
"2113","NGA36485","mansoni_low_burden"
"2117","NGA36947","mansoni_low_burden"
"2118","NGA36446","mansoni_low_burden"
"2121","NGA36985","mansoni_low_burden"
"2123","NGA36372","mansoni_low_burden"
"2134","TCD10775","mansoni_low_burden"
"2137","NGA36971","mansoni_low_burden"
"2138","NGA36984","mansoni_low_burden"
"2152","NGA36946","mansoni_low_burden"
"2153","NGA36988","mansoni_low_burden"
"2154","NGA36991","mansoni_low_burden"
"2155","NGA36993","mansoni_low_burden"
"2156","NGA36995","mansoni_low_burden"
"2157","NGA36996","mansoni_low_burden"
"2158","NGA37000","mansoni_low_burden"
"2159","NGA36361","mansoni_low_burden"
"2160","NGA36983","mansoni_low_burden"
"2161","NGA36969","mansoni_low_burden"
"2162","NGA36970","mansoni_low_burden"
"2163","NGA36972","mansoni_low_burden"
"2164","NGA36978","mansoni_low_burden"
"2166","NGA36950","mansoni_low_burden"
"2167","NGA36875","mansoni_low_burden"
"2168","NGA37087","mansoni_low_burden"
"2169","NGA37092","mansoni_low_burden"
"2171","TZA46614","mansoni_low_burden"
"2173","TZA46632","mansoni_low_burden"
"2179","MRT31060","mansoni_low_burden"
"2180","MRT31058","mansoni_low_burden"
"2181","MRT31061","mansoni_low_burden"
"2182","MRT31063","mansoni_low_burden"
"2183","MRT31059","mansoni_low_burden"
"2186","ETH19525","mansoni_low_burden"
"2189","ETH19356","mansoni_low_burden"
"2212","NGA36432","mansoni_low_burden"
"2214","GAB20343","mansoni_low_burden"
"2249","GNB23650","mansoni_low_burden"
"2250","GNB23688","mansoni_low_burden"
"2252","GNB23694","mansoni_low_burden"
"2254","GNB23689","mansoni_low_burden"
"2255","GNB23695","mansoni_low_burden"
"2256","GNB23690","mansoni_low_burden"
"2257","GNB23700","mansoni_low_burden"
"2258","GNB23691","mansoni_low_burden"
"2260","GNB23702","mansoni_low_burden"
"2261","GNB23685","mansoni_low_burden"
"2262","GNB23654","mansoni_low_burden"
"2263","GNB23653","mansoni_low_burden"
"2264","GNB23746","mansoni_low_burden"
"2265","GNB23747","mansoni_low_burden"
"2266","GNB23751","mansoni_low_burden"
"2267","GNB23652","mansoni_low_burden"
"2268","GNB23752","mansoni_low_burden"
"2269","GNB23748","mansoni_low_burden"
"2270","GNB23655","mansoni_low_burden"
"2271","GNB23698","mansoni_low_burden"
"2272","GNB23697","mansoni_low_burden"
"2273","GNB23693","mansoni_low_burden"
"2274","GNB23699","mansoni_low_burden"
"2275","GNB23651","mansoni_low_burden"
"2277","MRT31038","mansoni_low_burden"
"2278","MRT31036","mansoni_low_burden"
"2280","MRT31049","mansoni_low_burden"
"2282","NGA36945","mansoni_low_burden"
"2288","NGA36965","mansoni_low_burden"
"2292","TZA46467","mansoni_low_burden"
"2293","ETH19473","mansoni_low_burden"
"2294","ETH18792","mansoni_low_burden"
"2295","ETH19062","mansoni_low_burden"
"2296","ETH19455","mansoni_low_burden"
"2298","ETH18889","mansoni_low_burden"
"2301","ETH18618","mansoni_low_burden"
"2304","ETH19385","mansoni_low_burden"
"2305","ETH19475","mansoni_low_burden"
"2307","ETH19335","mansoni_low_burden"
"2309","ETH19024","mansoni_low_burden"
"2311","NGA36939","mansoni_low_burden"
"2312","NGA36944","mansoni_low_burden"
"2313","NGA36948","mansoni_low_burden"
"2314","NGA36960","mansoni_low_burden"
"2315","NGA36966","mansoni_low_burden"
"2317","NGA36408","mansoni_low_burden"
"2318","NGA36938","mansoni_low_burden"
"2319","COD14180","mansoni_low_burden"
"2326","COD14211","mansoni_low_burden"
"2329","ETH19004","mansoni_low_burden"
"2331","KEN54047","mansoni_low_burden"
"2332","RWA38134","mansoni_low_burden"
"2338","NGA36625","mansoni_low_burden"
"2341","NGA36612","mansoni_low_burden"
"2342","NGA36368","mansoni_low_burden"
"2348","NGA36356","mansoni_low_burden"
"2349","NGA36369","mansoni_low_burden"
"2350","NGA36358","mansoni_low_burden"
"2351","NGA36364","mansoni_low_burden"
"2352","NGA36365","mansoni_low_burden"
"2353","ERI17449","mansoni_low_burden"
"2355","ERI17464","mansoni_low_burden"
"2357","ERI17486","mansoni_low_burden"
"2358","ERI17484","mansoni_low_burden"
"2360","ERI17480","mansoni_low_burden"
"2367","TCD10772","mansoni_low_burden"
"2369","ZMB50821","mansoni_low_burden"
"2370","ZMB50823","mansoni_low_burden"
"2371","ZMB53169","mansoni_low_burden"
"2374","ZMB50822","mansoni_low_burden"
"2389","AGO02163","mansoni_low_burden"
"2391","NGA37074","mansoni_low_burden"
"2392","ETH18629","mansoni_low_burden"
"2394","ETH19345","mansoni_low_burden"
"2395","ETH18734","mansoni_low_burden"
"2396","NGA36844","mansoni_low_burden"
"2397","NGA36859","mansoni_low_burden"
"2403","NGA36776","mansoni_low_burden"
"2413","NGA36763","mansoni_low_burden"
"2420","SSD44394","mansoni_low_burden"
"2421","SSD44393","mansoni_low_burden"
"2423","ETH19046","mansoni_low_burden"
"2455","SSD44355","mansoni_low_burden"
"2456","SSD44349","mansoni_low_burden"
"2457","UGA49783","mansoni_low_burden"
"2464","UGA49721","mansoni_low_burden"
"2467","SSD44361","mansoni_low_burden"
"2468","SSD44358","mansoni_low_burden"
"2469","SSD44356","mansoni_low_burden"
"2471","TZZ51895","mansoni_low_burden"
"2473","TZZ51893","mansoni_low_burden"
"2480","TZZ51902","mansoni_low_burden"
"2481","KEN54170","mansoni_low_burden"
"2485","TGO48706","mansoni_low_burden"
"2489","KEN54172","mansoni_low_burden"
"2502","GHA21660","mansoni_low_burden"
"2503","GHA21657","mansoni_low_burden"
"2508","ETH19517","mansoni_low_burden"
"2511","CAF09683","mansoni_low_burden"
"2513","ETH19411","mansoni_low_burden"
"2514","ZMB50857","mansoni_low_burden"
"2518","KEN54067","mansoni_low_burden"
"2522","KEN54174","mansoni_low_burden"
"2523","KEN54092","mansoni_low_burden"
"2524","KEN54013","mansoni_low_burden"
"2527","KEN54063","mansoni_low_burden"
"2528","KEN54064","mansoni_low_burden"
"2529","KEN54018","mansoni_low_burden"
"2531","KEN54065","mansoni_low_burden"
"2532","KEN54066","mansoni_low_burden"
"2533","KEN54012","mansoni_low_burden"
"2535","KEN54014","mansoni_low_burden"
"2537","KEN54177","mansoni_low_burden"
"2538","SSD44395","mansoni_low_burden"
"2539","GHA21630","mansoni_low_burden"
"2540","GHA21639","mansoni_low_burden"
"2544","ETH19458","mansoni_low_burden"
"2545","ETH19562","mansoni_low_burden"
"2546","BWA04290","mansoni_low_burden"
"2547","BWA04295","mansoni_low_burden"
"2551","BWA04307","mansoni_low_burden"
"2552","BWA04308","mansoni_low_burden"
"2554","BWA04310","mansoni_low_burden"
"2557","BWA04318","mansoni_low_burden"
"2560","CIV15439","mansoni_low_burden"
"2561","GHA21622","mansoni_low_burden"
"2562","GHA21615","mansoni_low_burden"
"2564","GHA21641","mansoni_low_burden"
"2566","GHA21645","mansoni_low_burden"
"2567","GHA21673","mansoni_low_burden"
"2568","GHA21671","mansoni_low_burden"
"2570","CIV15431","mansoni_low_burden"
"2571","CIV15432","mansoni_low_burden"
"2575","CIV15423","mansoni_low_burden"
"2576","CIV15452","mansoni_low_burden"
"2577","CIV15451","mansoni_low_burden"
"2578","CIV15418","mansoni_low_burden"
"2579","TCD10780","mansoni_low_burden"
"2580","TCD10781","mansoni_low_burden"
"2581","TCD10782","mansoni_low_burden"
"2595","UGA49843","mansoni_low_burden"
"2603","ETH19568","mansoni_low_burden"
"2605","RWA38119","mansoni_low_burden"
"2607","ZWE52946","mansoni_low_burden"
"2608","KEN54176","mansoni_low_burden"
"2609","KEN54263","mansoni_low_burden"
"2610","KEN54277","mansoni_low_burden"
"2611","KEN54279","mansoni_low_burden"
"2612","KEN54280","mansoni_low_burden"
"2613","KEN54278","mansoni_low_burden"
"2614","ETH19579","mansoni_low_burden"
"2615","ETH19583","mansoni_low_burden"
"2621","RWA38114","mansoni_low_burden"
"2622","RWA38127","mansoni_low_burden"
"2623","RWA38132","mansoni_low_burden"
"2632","UGA49833","mansoni_low_burden"
"2635","ETH19127","mansoni_low_burden"
"2638","ETH19548","mansoni_low_burden"
"2639","ETH19172","mansoni_low_burden"
"2641","ETH19463","mansoni_low_burden"
"2650","ETH19566","mansoni_low_burden"
"2651","ETH19513","mansoni_low_burden"
"2653","ETH19532","mansoni_low_burden"
"2657","ETH19567","mansoni_low_burden"
"2661","AGO02212","mansoni_low_burden"
"2663","GIN22636","mansoni_low_burden"
"2664","GNB23744","mansoni_low_burden"
"2665","GNB23743","mansoni_low_burden"
"2666","GNB23742","mansoni_low_burden"
"2669","GNB23740","mansoni_low_burden"
"2674","GNB23675","mansoni_low_burden"
"2682","MRT31081","mansoni_low_burden"
"2686","MRT31035","mansoni_low_burden"
"2687","MRT31079","mansoni_low_burden"
"2689","MRT31084","mansoni_low_burden"
"2690","MRT31087","mansoni_low_burden"
"2691","MRT31086","mansoni_low_burden"
"2692","MRT31062","mansoni_low_burden"
"2696","MRT31071","mansoni_low_burden"
"2703","SLE42257","mansoni_low_burden"
"2720","GHA21624","mansoni_low_burden"
"2723","GHA21616","mansoni_low_burden"
"2724","GHA21613","mansoni_low_burden"
"2725","GHA21617","mansoni_low_burden"
"2726","GHA21623","mansoni_low_burden"
"2727","GHA21618","mansoni_low_burden"
"2728","GHA21619","mansoni_low_burden"
"2729","GHA21620","mansoni_low_burden"
"2736","GHA21656","mansoni_low_burden"
"2740","GHA21648","mansoni_low_burden"
"2741","GHA21649","mansoni_low_burden"
"2743","GHA21652","mansoni_low_burden"
"2744","GHA21653","mansoni_low_burden"
"2746","GHA21655","mansoni_low_burden"
"2748","GHA21676","mansoni_low_burden"
"2749","GHA21678","mansoni_low_burden"
"2750","GHA21647","mansoni_low_burden"
"2751","GHA21650","mansoni_low_burden"
"2753","GHA21675","mansoni_low_burden"
"2756","BEN03214","mansoni_low_burden"
"2757","BEN03229","mansoni_low_burden"
"2758","BEN03228","mansoni_low_burden"
"2770","NGA36409","mansoni_low_burden"
"2781","NGA36843","mansoni_low_burden"
"2782","NGA36846","mansoni_low_burden"
"2792","NGA36376","mansoni_low_burden"
"2799","NGA36416","mansoni_low_burden"
"2808","NGA36422","mansoni_low_burden"
"2809","NGA37022","mansoni_low_burden"
"2811","NGA37024","mansoni_low_burden"
"2824","NGA37037","mansoni_low_burden"
"2837","NGA36974","mansoni_low_burden"
"2838","NGA36975","mansoni_low_burden"
"2840","NGA36817","mansoni_low_burden"
"2842","NGA36857","mansoni_low_burden"
"2843","NGA36860","mansoni_low_burden"
"2844","NGA36861","mansoni_low_burden"
"2871","CAF09695","mansoni_low_burden"
"2874","ERI17465","mansoni_low_burden"
"2875","ERI17432","mansoni_low_burden"
"2877","ERI17458","mansoni_low_burden"
"2880","ERI17457","mansoni_low_burden"
"2881","ERI17436","mansoni_low_burden"
"2882","ERI17431","mansoni_low_burden"
"2886","ERI17456","mansoni_low_burden"
"2891","ERI17475","mansoni_low_burden"
"2892","ERI17453","mansoni_low_burden"
"2894","ERI17455","mansoni_low_burden"
"2895","KEN54251","mansoni_low_burden"
"2896","KEN54249","mansoni_low_burden"
"2906","KEN54178","mansoni_low_burden"
"2911","KEN54183","mansoni_low_burden"
"2915","KEN54097","mansoni_low_burden"
"2934","KEN54270","mansoni_low_burden"
"2936","KEN54272","mansoni_low_burden"
"2937","KEN54273","mansoni_low_burden"
"2938","KEN54274","mansoni_low_burden"
"2939","KEN54275","mansoni_low_burden"
"2940","KEN54265","mansoni_low_burden"
"2941","KEN54052","mansoni_low_burden"
"2943","KEN54053","mansoni_low_burden"
"2944","KEN54185","mansoni_low_burden"
"2945","KEN54189","mansoni_low_burden"
"2946","KEN54191","mansoni_low_burden"
"2948","KEN54188","mansoni_low_burden"
"2950","KEN54194","mansoni_low_burden"
"2951","KEN54186","mansoni_low_burden"
"2952","KEN54193","mansoni_low_burden"
"2953","KEN54196","mansoni_low_burden"
"2954","KEN54197","mansoni_low_burden"
"2957","KEN54199","mansoni_low_burden"
"2958","KEN54200","mansoni_low_burden"
"2960","KEN54190","mansoni_low_burden"
"2966","KEN54245","mansoni_low_burden"
"2975","KEN54247","mansoni_low_burden"
"2976","KEN54248","mansoni_low_burden"
"2977","KEN54171","mansoni_low_burden"
"2979","KEN54163","mansoni_low_burden"
"2980","KEN54162","mansoni_low_burden"
"2981","KEN54161","mansoni_low_burden"
"2982","KEN54160","mansoni_low_burden"
"2983","KEN54159","mansoni_low_burden"
"2984","KEN54158","mansoni_low_burden"
"2985","KEN54157","mansoni_low_burden"
"2986","KEN54156","mansoni_low_burden"
"2987","KEN54155","mansoni_low_burden"
"2988","KEN54257","mansoni_low_burden"
"2989","KEN54256","mansoni_low_burden"
"2992","KEN54140","mansoni_low_burden"
"2993","KEN54142","mansoni_low_burden"
"2994","KEN54114","mansoni_low_burden"
"2996","KEN54137","mansoni_low_burden"
"2999","KEN54135","mansoni_low_burden"
"3001","KEN54138","mansoni_low_burden"
"3008","KEN54057","mansoni_low_burden"
"3009","KEN54022","mansoni_low_burden"
"3011","KEN54061","mansoni_low_burden"
"3012","KEN54016","mansoni_low_burden"
"3013","KEN54025","mansoni_low_burden"
"3015","KEN54026","mansoni_low_burden"
"3016","KEN54027","mansoni_low_burden"
"3017","KEN54017","mansoni_low_burden"
"3019","KEN54216","mansoni_low_burden"
"3021","KEN54001","mansoni_low_burden"
"3022","KEN54217","mansoni_low_burden"
"3023","KEN54004","mansoni_low_burden"
"3026","KEN54028","mansoni_low_burden"
"3027","KEN54029","mansoni_low_burden"
"3029","KEN54030","mansoni_low_burden"
"3030","KEN54031","mansoni_low_burden"
"3031","KEN54005","mansoni_low_burden"
"3033","KEN54219","mansoni_low_burden"
"3034","KEN54210","mansoni_low_burden"
"3036","KEN54214","mansoni_low_burden"
"3037","KEN54242","mansoni_low_burden"
"3039","KEN54221","mansoni_low_burden"
"3041","SSD44367","mansoni_low_burden"
"3042","SSD44363","mansoni_low_burden"
"3043","SSD44369","mansoni_low_burden"
"3044","SSD44362","mansoni_low_burden"
"3045","SSD44370","mansoni_low_burden"
"3046","SSD44364","mansoni_low_burden"
"3048","SSD44359","mansoni_low_burden"
"3049","SSD44368","mansoni_low_burden"
"3052","SSD44388","mansoni_low_burden"
"3053","SSD44322","mansoni_low_burden"
"3055","SSD44321","mansoni_low_burden"
"3056","SSD44324","mansoni_low_burden"
"3058","SSD44326","mansoni_low_burden"
"3059","SSD44329","mansoni_low_burden"
"3060","SSD44325","mansoni_low_burden"
"3061","SSD44332","mansoni_low_burden"
"3062","SSD44328","mansoni_low_burden"
"3063","SSD44330","mansoni_low_burden"
"3064","SSD44354","mansoni_low_burden"
"3065","SSD44350","mansoni_low_burden"
"3067","SSD44390","mansoni_low_burden"
"3070","SSD44384","mansoni_low_burden"
"3074","SSD44401","mansoni_low_burden"
"3076","SSD44391","mansoni_low_burden"
"3077","SSD44400","mansoni_low_burden"
"3078","SSD44341","mansoni_low_burden"
"3079","SSD44338","mansoni_low_burden"
"3081","SSD44382","mansoni_low_burden"
"3082","SSD44376","mansoni_low_burden"
"3086","SSD44380","mansoni_low_burden"
"3089","SSD44372","mansoni_low_burden"
"3090","SSD44346","mansoni_low_burden"
"3091","SSD44344","mansoni_low_burden"
"3092","SSD44336","mansoni_low_burden"
"3093","SSD44347","mansoni_low_burden"
"3094","SSD44333","mansoni_low_burden"
"3096","SSD44379","mansoni_low_burden"
"3098","SSD44375","mansoni_low_burden"
"3100","SDN66042","mansoni_low_burden"
"3101","SDN66118","mansoni_low_burden"
"3103","SDN66038","mansoni_low_burden"
"3104","SDN66124","mansoni_low_burden"
"3109","SDN66061","mansoni_low_burden"
"3111","SDN66095","mansoni_low_burden"
"3112","SDN66096","mansoni_low_burden"
"3114","SDN66048","mansoni_low_burden"
"3115","SDN66007","mansoni_low_burden"
"3120","SDN66008","mansoni_low_burden"
"3122","SDN66012","mansoni_low_burden"
"3126","SDN66014","mansoni_low_burden"
"3127","SDN66022","mansoni_low_burden"
"3128","SDN66156","mansoni_low_burden"
"3130","SDN66130","mansoni_low_burden"
"3131","SDN66140","mansoni_low_burden"
"3132","SDN66134","mansoni_low_burden"
"3135","SDN66133","mansoni_low_burden"
"3139","SDN66131","mansoni_low_burden"
"3140","SDN66153","mansoni_low_burden"
"3141","SSD44383","mansoni_low_burden"
"3144","TZA46623","mansoni_low_burden"
"3145","UGA49759","mansoni_low_burden"
"3146","UGA49769","mansoni_low_burden"
"3147","UGA49774","mansoni_low_burden"
"3149","UGA49788","mansoni_low_burden"
"3150","UGA49795","mansoni_low_burden"
"3151","UGA49811","mansoni_low_burden"
"3152","UGA49709","mansoni_low_burden"
"3153","UGA49717","mansoni_low_burden"
"3154","UGA49706","mansoni_low_burden"
"3155","UGA49781","mansoni_low_burden"
"3157","UGA49767","mansoni_low_burden"
"3158","UGA49715","mansoni_low_burden"
"3159","UGA49762","mansoni_low_burden"
"3160","UGA49770","mansoni_low_burden"
"3161","UGA49727","mansoni_low_burden"
"3163","UGA49755","mansoni_low_burden"
"3164","UGA49797","mansoni_low_burden"
"3165","UGA49722","mansoni_low_burden"
"3166","UGA49741","mansoni_low_burden"
"3167","UGA49749","mansoni_low_burden"
"3168","UGA49750","mansoni_low_burden"
"3169","UGA49757","mansoni_low_burden"
"3170","UGA49778","mansoni_low_burden"
"3171","UGA49842","mansoni_low_burden"
"3172","UGA49800","mansoni_low_burden"
"3173","UGA49724","mansoni_low_burden"
"3174","UGA49787","mansoni_low_burden"
"3176","UGA49775","mansoni_low_burden"
"3177","UGA49726","mansoni_low_burden"
"3178","UGA49730","mansoni_low_burden"
"3179","UGA49760","mansoni_low_burden"
"3180","UGA49819","mansoni_low_burden"
"3181","UGA49821","mansoni_low_burden"
"3182","UGA49753","mansoni_low_burden"
"3183","UGA49826","mansoni_low_burden"
"3184","UGA49829","mansoni_low_burden"
"3185","UGA49832","mansoni_low_burden"
"3186","UGA49744","mansoni_low_burden"
"3187","UGA49786","mansoni_low_burden"
"3191","ETH18487","mansoni_low_burden"
"3195","ETH18488","mansoni_low_burden"
"3196","ETH18534","mansoni_low_burden"
"3197","ETH18755","mansoni_low_burden"
"3198","ETH18756","mansoni_low_burden"
"3202","ETH18758","mansoni_low_burden"
"3204","ETH18763","mansoni_low_burden"
"3206","ETH19349","mansoni_low_burden"
"3207","ETH19117","mansoni_low_burden"
"3213","ETH19515","mansoni_low_burden"
"3215","ETH18543","mansoni_low_burden"
"3216","ETH19587","mansoni_low_burden"
"3221","ETH18545","mansoni_low_burden"
"3222","ETH19431","mansoni_low_burden"
"3225","ETH19284","mansoni_low_burden"
"3226","ETH19239","mansoni_low_burden"
"3227","ETH19400","mansoni_low_burden"
"3236","ETH18784","mansoni_low_burden"
"3237","ETH18778","mansoni_low_burden"
"3238","ETH19504","mansoni_low_burden"
"3241","ETH19051","mansoni_low_burden"
"3244","ETH19378","mansoni_low_burden"
"3246","ETH18789","mansoni_low_burden"
"3248","ETH19402","mansoni_low_burden"
"3249","ETH18770","mansoni_low_burden"
"3251","ETH19142","mansoni_low_burden"
"3255","ETH18793","mansoni_low_burden"
"3257","ETH19505","mansoni_low_burden"
"3261","ETH19439","mansoni_low_burden"
"3266","ETH19146","mansoni_low_burden"
"3268","ETH19440","mansoni_low_burden"
"3270","ETH18801","mansoni_low_burden"
"3273","ETH19509","mansoni_low_burden"
"3275","ETH19528","mansoni_low_burden"
"3278","ETH18808","mansoni_low_burden"
"3281","ETH19441","mansoni_low_burden"
"3282","ETH18811","mansoni_low_burden"
"3288","ETH19060","mansoni_low_burden"
"3289","ETH19165","mansoni_low_burden"
"3290","ETH19158","mansoni_low_burden"
"3292","ETH19061","mansoni_low_burden"
"3293","ETH18815","mansoni_low_burden"
"3295","ETH19166","mansoni_low_burden"
"3300","ETH19495","mansoni_low_burden"
"3303","ETH18817","mansoni_low_burden"
"3304","ETH18564","mansoni_low_burden"
"3305","ETH19315","mansoni_low_burden"
"3312","ETH18822","mansoni_low_burden"
"3317","ETH19153","mansoni_low_burden"
"3319","ETH18584","mansoni_low_burden"
"3322","ETH19068","mansoni_low_burden"
"3324","ETH19170","mansoni_low_burden"
"3328","ETH19160","mansoni_low_burden"
"3331","ETH18843","mansoni_low_burden"
"3332","ETH19171","mansoni_low_burden"
"3336","ETH19498","mansoni_low_burden"
"3339","ETH19403","mansoni_low_burden"
"3341","ETH19069","mansoni_low_burden"
"3343","ETH19054","mansoni_low_burden"
"3346","ETH19176","mansoni_low_burden"
"3348","ETH19177","mansoni_low_burden"
"3350","ETH18517","mansoni_low_burden"
"3356","ETH19072","mansoni_low_burden"
"3357","ETH18852","mansoni_low_burden"
"3358","ETH19526","mansoni_low_burden"
"3359","ETH19075","mansoni_low_burden"
"3361","ETH19076","mansoni_low_burden"
"3362","ETH18860","mansoni_low_burden"
"3370","ETH19185","mansoni_low_burden"
"3374","ETH18867","mansoni_low_burden"
"3375","ETH18854","mansoni_low_burden"
"3376","ETH18855","mansoni_low_burden"
"3382","ETH19387","mansoni_low_burden"
"3384","ETH19404","mansoni_low_burden"
"3385","ETH19189","mansoni_low_burden"
"3390","ETH19190","mansoni_low_burden"
"3391","ETH18856","mansoni_low_burden"
"3392","ETH19332","mansoni_low_burden"
"3393","ETH19080","mansoni_low_burden"
"3396","ETH18491","mansoni_low_burden"
"3398","ETH18857","mansoni_low_burden"
"3400","ETH19352","mansoni_low_burden"
"3402","ETH19082","mansoni_low_burden"
"3406","ETH19293","mansoni_low_burden"
"3407","ETH19432","mansoni_low_burden"
"3410","ETH19401","mansoni_low_burden"
"3413","ETH19394","mansoni_low_burden"
"3414","ETH19444","mansoni_low_burden"
"3415","ETH19294","mansoni_low_burden"
"3417","ETH19342","mansoni_low_burden"
"3418","ETH19405","mansoni_low_burden"
"3422","ETH19343","mansoni_low_burden"
"3429","ETH18891","mansoni_low_burden"
"3439","ETH19514","mansoni_low_burden"
"3443","ETH19094","mansoni_low_burden"
"3444","ETH19092","mansoni_low_burden"
"3446","ETH19512","mansoni_low_burden"
"3451","ETH18924","mansoni_low_burden"
"3452","ETH18929","mansoni_low_burden"
"3453","ETH18492","mansoni_low_burden"
"3455","ETH19388","mansoni_low_burden"
"3456","ETH18493","mansoni_low_burden"
"3458","ETH18933","mansoni_low_burden"
"3461","ETH19427","mansoni_low_burden"
"3462","ETH19302","mansoni_low_burden"
"3463","ETH19503","mansoni_low_burden"
"3464","ETH18523","mansoni_low_burden"
"3466","ETH19096","mansoni_low_burden"
"3468","ETH18941","mansoni_low_burden"
"3470","ETH19406","mansoni_low_burden"
"3474","ETH19390","mansoni_low_burden"
"3481","ETH18946","mansoni_low_burden"
"3488","ETH19460","mansoni_low_burden"
"3489","ETH19461","mansoni_low_burden"
"3495","ETH18635","mansoni_low_burden"
"3497","ETH18952","mansoni_low_burden"
"3503","ETH19541","mansoni_low_burden"
"3505","ETH18950","mansoni_low_burden"
"3511","ETH18643","mansoni_low_burden"
"3513","ETH19550","mansoni_low_burden"
"3514","ETH19262","mansoni_low_burden"
"3515","ETH19554","mansoni_low_burden"
"3522","ETH19101","mansoni_low_burden"
"3523","ETH19234","mansoni_low_burden"
"3526","ETH18972","mansoni_low_burden"
"3527","ETH18976","mansoni_low_burden"
"3528","ETH18973","mansoni_low_burden"
"3529","ETH18978","mansoni_low_burden"
"3536","ETH18986","mansoni_low_burden"
"3540","ETH18979","mansoni_low_burden"
"3541","ETH19244","mansoni_low_burden"
"3546","ETH18988","mansoni_low_burden"
"3551","ETH19437","mansoni_low_burden"
"3554","ETH19429","mansoni_low_burden"
"3558","ETH18996","mansoni_low_burden"
"3561","ETH19446","mansoni_low_burden"
"3565","ETH19108","mansoni_low_burden"
"3566","ETH19506","mansoni_low_burden"
"3568","ETH19109","mansoni_low_burden"
"3570","ETH19006","mansoni_low_burden"
"3571","ETH19430","mansoni_low_burden"
"3573","ETH19010","mansoni_low_burden"
"3576","ETH18990","mansoni_low_burden"
"3581","ETH19017","mansoni_low_burden"
"3583","ETH19018","mansoni_low_burden"
"3584","ETH19447","mansoni_low_burden"
"3590","ETH19256","mansoni_low_burden"
"3597","ETH19527","mansoni_low_burden"
"3600","ETH18675","mansoni_low_burden"
"3601","ETH19265","mansoni_low_burden"
"3604","ETH19113","mansoni_low_burden"
"3612","ETH19039","mansoni_low_burden"
"3614","ETH18496","mansoni_low_burden"
"3617","ETH19034","mansoni_low_burden"
"3621","ETH19410","mansoni_low_burden"
"3624","ETH19218","mansoni_low_burden"
"3626","ETH19223","mansoni_low_burden"
"3627","ETH19538","mansoni_low_burden"
"3628","ETH19542","mansoni_low_burden"
"3631","ETH19180","mansoni_low_burden"
"3632","ETH19545","mansoni_low_burden"
"3633","ETH19213","mansoni_low_burden"
"3634","ETH19145","mansoni_low_burden"
"3639","ETH19556","mansoni_low_burden"
"3640","ETH19150","mansoni_low_burden"
"3644","ETH19564","mansoni_low_burden"
"3647","ETH19544","mansoni_low_burden"
"3649","ETH19207","mansoni_low_burden"
"3650","ETH19181","mansoni_low_burden"
"3651","ETH19576","mansoni_low_burden"
"3653","ETH19516","mansoni_low_burden"
"3654","ETH19586","mansoni_low_burden"
"3655","ETH19130","mansoni_low_burden"
"3657","GIN22614","mansoni_low_burden"
"3658","GIN22633","mansoni_low_burden"
"3659","GIN22609","mansoni_low_burden"
"3660","GIN22637","mansoni_low_burden"
"3661","GIN22634","mansoni_low_burden"
"3662","GIN22613","mansoni_low_burden"
"3663","SLE42264","mansoni_low_burden"
"3664","SLE42263","mansoni_low_burden"
"3665","GMB47639","mansoni_low_burden"
"3666","GMB47658","mansoni_low_burden"
"3667","GMB47651","mansoni_low_burden"
"3668","GMB47647","mansoni_low_burden"
"3669","GMB47648","mansoni_low_burden"
"3670","BEN03256","mansoni_low_burden"
"3671","TCD10660","mansoni_low_burden"
"3673","TCD10662","mansoni_low_burden"
"3675","TCD10664","mansoni_low_burden"
"3676","TCD10665","mansoni_low_burden"
"3677","TCD10666","mansoni_low_burden"
"3678","TCD10670","mansoni_low_burden"
"3681","TCD10674","mansoni_low_burden"
"3682","TCD10675","mansoni_low_burden"
"3683","TCD10676","mansoni_low_burden"
"3684","TCD10677","mansoni_low_burden"
"3685","TCD10678","mansoni_low_burden"
"3687","TCD10680","mansoni_low_burden"
"3688","TCD10681","mansoni_low_burden"
"3690","TCD10683","mansoni_low_burden"
"3693","TCD10686","mansoni_low_burden"
"3697","TCD10690","mansoni_low_burden"
"3700","TCD10693","mansoni_low_burden"
"3701","TCD10694","mansoni_low_burden"
"3704","TCD10711","mansoni_low_burden"
"3712","TCD10728","mansoni_low_burden"
"3714","TCD10730","mansoni_low_burden"
"3715","TCD10731","mansoni_low_burden"
"3716","TCD10732","mansoni_low_burden"
"3717","TCD10733","mansoni_low_burden"
"3718","TCD10738","mansoni_low_burden"
"3720","TCD10740","mansoni_low_burden"
"3721","TCD10741","mansoni_low_burden"
"3727","TCD10749","mansoni_low_burden"
"3728","TCD10760","mansoni_low_burden"
"3731","TCD10763","mansoni_low_burden"
"3736","TCD10783","mansoni_low_burden"
"3737","TCD10784","mansoni_low_burden"
"3738","TCD10785","mansoni_low_burden"
"3740","TCD10787","mansoni_low_burden"
"3743","NGA36968","mansoni_low_burden"
"3744","NGA36600","mansoni_low_burden"
"3745","NGA36410","mansoni_low_burden"
"3746","NGA36407","mansoni_low_burden"
"3747","NGA36847","mansoni_low_burden"
"3748","NGA36848","mansoni_low_burden"
"3749","NGA36849","mansoni_low_burden"
"3750","NGA36853","mansoni_low_burden"
"3751","NGA36854","mansoni_low_burden"
"3752","NGA36855","mansoni_low_burden"
"3753","NGA36414","mansoni_low_burden"
"3754","NGA36929","mansoni_low_burden"
"3755","NGA36412","mansoni_low_burden"
"3756","NGA36981","mansoni_low_burden"
"3757","NGA36426","mansoni_low_burden"
"3758","NGA36435","mansoni_low_burden"
"3759","NGA36472","mansoni_low_burden"
"3760","NGA36515","mansoni_low_burden"
"3761","NGA36517","mansoni_low_burden"
"3762","NGA36560","mansoni_low_burden"
"3763","NGA36809","mansoni_low_burden"
"3764","NGA36822","mansoni_low_burden"
"3765","NGA36839","mansoni_low_burden"
"3766","NGA36858","mansoni_low_burden"
"3767","NGA36916","mansoni_low_burden"
"3770","ERI17430","mansoni_low_burden"
"3771","ERI17433","mansoni_low_burden"
"3772","ERI17478","mansoni_low_burden"
"3773","ERI17434","mansoni_low_burden"
"3774","ERI17469","mansoni_low_burden"
"3775","ERI17438","mansoni_low_burden"
"3776","ERI17454","mansoni_low_burden"
"3777","ERI17459","mansoni_low_burden"
"3778","KEN54050","mansoni_low_burden"
"3779","KEN54051","mansoni_low_burden"
"3780","KEN54152","mansoni_low_burden"
"3781","KEN54154","mansoni_low_burden"
"3782","KEN54146","mansoni_low_burden"
"3783","KEN54148","mansoni_low_burden"
"3784","KEN54145","mansoni_low_burden"
"3785","KEN54150","mansoni_low_burden"
"3786","KEN54149","mansoni_low_burden"
"3787","KEN54147","mansoni_low_burden"
"3788","KEN54284","mansoni_low_burden"
"3789","KEN54037","mansoni_low_burden"
"3790","KEN54283","mansoni_low_burden"
"3791","KEN54287","mansoni_low_burden"
"3792","KEN54289","mansoni_low_burden"
"3793","KEN54290","mansoni_low_burden"
"3794","KEN54288","mansoni_low_burden"
"3795","KEN54266","mansoni_low_burden"
"3796","KEN54268","mansoni_low_burden"
"3797","KEN54264","mansoni_low_burden"
"3798","KEN54269","mansoni_low_burden"
"3799","KEN54267","mansoni_low_burden"
"3800","KEN54056","mansoni_low_burden"
"3801","KEN54258","mansoni_low_burden"
"3802","KEN54032","mansoni_low_burden"
"3803","KEN54035","mansoni_low_burden"
"3804","KEN54120","mansoni_low_burden"
"3805","KEN54121","mansoni_low_burden"
"3806","KEN54119","mansoni_low_burden"
"3807","KEN54116","mansoni_low_burden"
"3808","KEN54115","mansoni_low_burden"
"3809","KEN54134","mansoni_low_burden"
"3810","KEN54002","mansoni_low_burden"
"3811","KEN54003","mansoni_low_burden"
"3812","KEN54240","mansoni_low_burden"
"3813","KEN54006","mansoni_low_burden"
"3817","SSD44381","mansoni_low_burden"
"3818","SDN66142","mansoni_low_burden"
"3819","SDN66026","mansoni_low_burden"
"3820","SDN66143","mansoni_low_burden"
"3821","SDN66144","mansoni_low_burden"
"3822","SDN66145","mansoni_low_burden"
"3823","SDN66028","mansoni_low_burden"
"3824","SDN66029","mansoni_low_burden"
"3825","SDN66075","mansoni_low_burden"
"3826","SDN66032","mansoni_low_burden"
"3827","SDN66033","mansoni_low_burden"
"3828","SDN66037","mansoni_low_burden"
"3829","SDN66116","mansoni_low_burden"
"3830","SDN66041","mansoni_low_burden"
"3831","SDN66115","mansoni_low_burden"
"3832","SDN66121","mansoni_low_burden"
"3833","SDN66129","mansoni_low_burden"
"3834","SDN66031","mansoni_low_burden"
"3835","SDN66036","mansoni_low_burden"
"3836","SDN66127","mansoni_low_burden"
"3837","SDN66120","mansoni_low_burden"
"3838","SDN66125","mansoni_low_burden"
"3839","SDN66119","mansoni_low_burden"
"3840","SDN66039","mansoni_low_burden"
"3841","SDN66040","mansoni_low_burden"
"3842","SDN66044","mansoni_low_burden"
"3843","SDN66117","mansoni_low_burden"
"3844","SDN66035","mansoni_low_burden"
"3845","SDN66054","mansoni_low_burden"
"3846","SDN66051","mansoni_low_burden"
"3847","SDN66052","mansoni_low_burden"
"3848","SDN66046","mansoni_low_burden"
"3849","SDN66045","mansoni_low_burden"
"3850","SDN66081","mansoni_low_burden"
"3851","SDN66006","mansoni_low_burden"
"3852","SDN66005","mansoni_low_burden"
"3853","SDN66001","mansoni_low_burden"
"3854","SDN66002","mansoni_low_burden"
"3855","SDN66019","mansoni_low_burden"
"3856","SDN66105","mansoni_low_burden"
"3857","SDN66111","mansoni_low_burden"
"3858","SDN66107","mansoni_low_burden"
"3859","SDN66108","mansoni_low_burden"
"3860","SDN66109","mansoni_low_burden"
"3861","SDN66110","mansoni_low_burden"
"3862","SDN66160","mansoni_low_burden"
"3863","SDN66167","mansoni_low_burden"
"3864","SDN66165","mansoni_low_burden"
"3865","SDN66164","mansoni_low_burden"
"3866","SDN66166","mansoni_low_burden"
"3867","SDN66161","mansoni_low_burden"
"3868","SDN66011","mansoni_low_burden"
"3869","SDN66163","mansoni_low_burden"
"3870","SDN66155","mansoni_low_burden"
"3871","SDN66152","mansoni_low_burden"
"3872","SDN66132","mansoni_low_burden"
"3873","SDN66135","mansoni_low_burden"
"3874","TZA46457","mansoni_low_burden"
"3875","ETH18497","mansoni_low_burden"
"3876","ETH18742","mansoni_low_burden"
"3877","ETH18736","mansoni_low_burden"
"3878","ETH18498","mansoni_low_burden"
"3879","ETH18744","mansoni_low_burden"
"3880","ETH18748","mansoni_low_burden"
"3881","ETH18499","mansoni_low_burden"
"3882","ETH19044","mansoni_low_burden"
"3883","ETH19286","mansoni_low_burden"
"3884","ETH18761","mansoni_low_burden"
"3885","ETH19282","mansoni_low_burden"
"3886","ETH18503","mansoni_low_burden"
"3887","ETH18505","mansoni_low_burden"
"3888","ETH18786","mansoni_low_burden"
"3889","ETH18508","mansoni_low_burden"
"3890","ETH19438","mansoni_low_burden"
"3891","ETH18490","mansoni_low_burden"
"3892","ETH18795","mansoni_low_burden"
"3893","ETH18510","mansoni_low_burden"
"3894","ETH18511","mansoni_low_burden"
"3895","ETH18833","mansoni_low_burden"
"3896","ETH18565","mansoni_low_burden"
"3897","ETH18840","mansoni_low_burden"
"3898","ETH18842","mansoni_low_burden"
"3899","ETH18518","mansoni_low_burden"
"3900","ETH19290","mansoni_low_burden"
"3901","ETH18859","mansoni_low_burden"
"3902","ETH18858","mansoni_low_burden"
"3903","ETH18509","mansoni_low_burden"
"3904","ETH18871","mansoni_low_burden"
"3905","ETH18520","mansoni_low_burden"
"3906","ETH18599","mansoni_low_burden"
"3907","ETH19188","mansoni_low_burden"
"3908","ETH18600","mansoni_low_burden"
"3909","ETH18873","mansoni_low_burden"
"3910","ETH18608","mansoni_low_burden"
"3911","ETH19380","mansoni_low_burden"
"3912","ETH18522","mansoni_low_burden"
"3913","ETH18611","mansoni_low_burden"
"3914","ETH18905","mansoni_low_burden"
"3915","ETH19296","mansoni_low_burden"
"3916","ETH18904","mansoni_low_burden"
"3917","ETH19041","mansoni_low_burden"
"3918","ETH18931","mansoni_low_burden"
"3919","ETH18524","mansoni_low_burden"
"3920","ETH18624","mansoni_low_burden"
"3921","ETH19453","mansoni_low_burden"
"3922","ETH18937","mansoni_low_burden"
"3923","ETH18940","mansoni_low_burden"
"3924","ETH18938","mansoni_low_burden"
"3925","ETH18639","mansoni_low_burden"
"3926","ETH19486","mansoni_low_burden"
"3927","ETH19484","mansoni_low_burden"
"3928","ETH19098","mansoni_low_burden"
"3929","ETH18970","mansoni_low_burden"
"3930","ETH19309","mansoni_low_burden"
"3931","ETH19311","mansoni_low_burden"
"3932","ETH18528","mansoni_low_burden"
"3933","ETH18994","mansoni_low_burden"
"3934","ETH19002","mansoni_low_burden"
"3935","ETH19110","mansoni_low_burden"
"3936","ETH18529","mansoni_low_burden"
"3937","ETH18669","mansoni_low_burden"
"3938","ETH18530","mansoni_low_burden"
"3939","ETH19020","mansoni_low_burden"
"3940","ETH19033","mansoni_low_burden"
"3942","AGO02143","mansoni_low_burden"
"3944","AGO02219","mansoni_low_burden"
"3945","AGO02223","mansoni_low_burden"
"3947","BWA04298","mansoni_low_burden"
"3951","BWA04316","mansoni_low_burden"
"3952","BWA04317","mansoni_low_burden"
"3953","MOZ33098","mansoni_low_burden"
"3955","ZMB50876","mansoni_low_burden"
"3956","ZWE52945","mansoni_low_burden"
"3957","ZWE52949","mansoni_low_burden"
"3958","ZWE52953","mansoni_low_burden"
"3959","UGA49737","mansoni_low_burden"
"3964","TZA46561","mansoni_low_burden"
"3965","BDI06421","mansoni_low_burden"
"3968","BDI06384","mansoni_low_burden"
"3969","BDI06403","mansoni_low_burden"
"3970","BDI06418","mansoni_low_burden"
"3972","BDI06417","mansoni_low_burden"
"3973","BDI06390","mansoni_low_burden"
"3974","BDI06391","mansoni_low_burden"
"3975","BDI06392","mansoni_low_burden"
"3976","BDI06393","mansoni_low_burden"
"3977","BDI06394","mansoni_low_burden"
"3978","BDI06398","mansoni_low_burden"
"3979","BDI06405","mansoni_low_burden"
"3980","BDI06406","mansoni_low_burden"
"3982","BDI06411","mansoni_low_burden"
"3983","MWI28968","mansoni_low_burden"
"3985","ZWE52919","mansoni_low_burden"
"3986","ZWE52904","mansoni_low_burden"
"3987","ZWE52934","mansoni_low_burden"
"3990","CIV15426","mansoni_low_burden"
"4000","ZWE52960","mansoni_low_burden"
"4001","ZWE52932","mansoni_low_burden"
"4002","ZWE52937","mansoni_low_burden"
"4008","ZWE52959","mansoni_low_burden"
"4011","ZWE52947","mansoni_low_burden"
"4012","MOZ33254","mansoni_low_burden"
"4013","SEN40222","mansoni_low_burden"
"4018","SEN40175","mansoni_low_burden"
"4020","NGA37073","mansoni_low_burden"
"4024","BEN03218","mansoni_low_burden"
"4029","MLI30031","mansoni_low_burden"
"4031","BEN03239","mansoni_low_burden"
"4032","BEN03242","mansoni_low_burden"
"4033","BEN03240","mansoni_low_burden"
"4041","AGO02195","mansoni_low_burden"
"4043","AGO02199","mansoni_low_burden"
"4044","AGO02203","mansoni_low_burden"
"4047","NGA36871","mansoni_low_burden"
"4048","COD13869","mansoni_low_burden"
"4049","COD13873","mansoni_low_burden"
"4052","COD13882","mansoni_low_burden"
"4055","COD13891","mansoni_low_burden"
"4057","COD13988","mansoni_low_burden"
"4063","COD14061","mansoni_low_burden"
"4064","COD14062","mansoni_low_burden"
"4065","COD14073","mansoni_low_burden"
"4066","COD14081","mansoni_low_burden"
"4067","COD14094","mansoni_low_burden"
"4069","COD14101","mansoni_low_burden"
"4070","COD14103","mansoni_low_burden"
"4071","COD14107","mansoni_low_burden"
"4072","COD14121","mansoni_low_burden"
"4073","COD14123","mansoni_low_burden"
"4074","MOZ33158","mansoni_low_burden"
"4075","MOZ33164","mansoni_low_burden"
"4086","MOZ33138","mansoni_low_burden"
"4087","MOZ33139","mansoni_low_burden"
"4088","MOZ33140","mansoni_low_burden"
"4089","MOZ33142","mansoni_low_burden"
"4091","MOZ33145","mansoni_low_burden"
"4094","MOZ33149","mansoni_low_burden"
"4096","MOZ33194","mansoni_low_burden"
"4105","MOZ33237","mansoni_low_burden"
"4108","COD14066","mansoni_low_burden"
"4109","COD14090","mansoni_low_burden"
"4112","GHA21569","mansoni_low_burden"
"4119","NGA37042","mansoni_low_burden"
"4120","NGA37051","mansoni_low_burden"
"4123","NGA36913","mansoni_low_burden"
"4124","COD13871","mansoni_low_burden"
"4125","COD13884","mansoni_low_burden"
"4126","COD13898","mansoni_low_burden"
"4127","COD14016","mansoni_low_burden"
"4128","COD14039","mansoni_low_burden"
"4129","COD14051","mansoni_low_burden"
"4130","COD14056","mansoni_low_burden"
"4131","COD14072","mansoni_low_burden"
"4132","COD14079","mansoni_low_burden"
"4135","SEN40163","mansoni_low_burden"
"4136","GNB23738","mansoni_low_burden"
"4137","SEN40221","mansoni_low_burden"
"4141","AGO02161","mansoni_low_burden"
"4144","TZA46531","mansoni_low_burden"
"4145","TZA46631","mansoni_low_burden"
"4146","TZA46490","mansoni_low_burden"
"4147","ETH18636","mansoni_low_burden"
"4157","ETH18552","mansoni_low_burden"
"4158","AGO02052","mansoni_low_burden"
"4166","CIV15372","mansoni_low_burden"
"4167","BEN03288","mansoni_low_burden"
"4168","BEN03286","mansoni_low_burden"
"4169","BEN03274","mansoni_low_burden"
"4170","BEN03245","mansoni_low_burden"
"4171","BEN03278","mansoni_low_burden"
"4172","BEN03249","mansoni_low_burden"
"4173","BEN03285","mansoni_low_burden"
"4174","BEN03280","mansoni_low_burden"
"4175","BEN03247","mansoni_low_burden"
"4176","BEN03289","mansoni_low_burden"
"4177","BEN03287","mansoni_low_burden"
"4179","BEN03233","mansoni_low_burden"
"4180","ETH18965","mansoni_low_burden"
"4182","MLI29974","mansoni_low_burden"
"4201","GAB20328","mansoni_low_burden"
"4202","GAB20333","mansoni_low_burden"
"4203","GAB20346","mansoni_low_burden"
"4204","GAB20347","mansoni_low_burden"
"4205","GAB20334","mansoni_low_burden"
"4206","ETH19182","mansoni_low_burden"
"4207","ETH18943","mansoni_low_burden"
"4210","CIV15390","mansoni_low_burden"
"4224","COD13826","mansoni_low_burden"
"4225","COD13843","mansoni_low_burden"
"4226","COD13989","mansoni_low_burden"
"4227","NGA36693","mansoni_low_burden"
"4228","NGA36694","mansoni_low_burden"
"4229","NGA36697","mansoni_low_burden"
"4230","NGA36704","mansoni_low_burden"
"4231","NGA37071","mansoni_low_burden"
"4232","COD13816","mansoni_low_burden"
"4233","COD13819","mansoni_low_burden"
"4236","COD13890","mansoni_low_burden"
"4238","COD13984","mansoni_low_burden"
"4239","COD13986","mansoni_low_burden"
"4241","COD13991","mansoni_low_burden"
"4242","COD14000","mansoni_low_burden"
"4244","COD14074","mansoni_low_burden"
"4245","COD14089","mansoni_low_burden"
"4248","COD14109","mansoni_low_burden"
"4249","COD14338","mansoni_low_burden"
"4250","COD14102","mansoni_low_burden"
"4262","MRT31048","mansoni_low_burden"
"4263","MRT31052","mansoni_low_burden"
"4264","TCD10735","mansoni_low_burden"
"4265","TCD10696","mansoni_low_burden"
"4266","TCD10700","mansoni_low_burden"
"4269","TCD10704","mansoni_low_burden"
"4277","COD14113","mansoni_low_burden"
"4279","CIV15394","mansoni_low_burden"
"4282","CIV15395","mansoni_low_burden"
"4283","TZA46524","mansoni_low_burden"
"4284","COD13907","mansoni_low_burden"
"4285","COD13911","mansoni_low_burden"
"4286","COD13912","mansoni_low_burden"
"4287","COD13918","mansoni_low_burden"
"4288","COD13920","mansoni_low_burden"
"4289","COD13923","mansoni_low_burden"
"4290","COD13933","mansoni_low_burden"
"4291","COD13943","mansoni_low_burden"
"4292","COD13945","mansoni_low_burden"
"4293","COD13953","mansoni_low_burden"
"4294","COD13955","mansoni_low_burden"
"4295","COD13966","mansoni_low_burden"
"4296","COD13903","mansoni_low_burden"
"4297","COD13915","mansoni_low_burden"
"4298","COD13924","mansoni_low_burden"
"4299","COD13926","mansoni_low_burden"
"4300","COD13940","mansoni_low_burden"
"4301","COD13946","mansoni_low_burden"
"4305","COD14059","mansoni_low_burden"
"4307","COD14080","mansoni_low_burden"
"4311","COD14337","mansoni_low_burden"
"4312","ETH18762","mansoni_low_burden"
"4315","NGA36659","mansoni_low_burden"
"4316","MLI29991","mansoni_low_burden"
"4317","MLI29992","mansoni_low_burden"
"4318","COD13900","mansoni_low_burden"
"4319","COD13902","mansoni_low_burden"
"4320","COD13904","mansoni_low_burden"
"4321","COD13909","mansoni_low_burden"
"4322","COD13910","mansoni_low_burden"
"4323","COD13919","mansoni_low_burden"
"4324","COD13925","mansoni_low_burden"
"4325","COD13927","mansoni_low_burden"
"4326","COD13928","mansoni_low_burden"
"4327","COD13930","mansoni_low_burden"
"4328","COD13944","mansoni_low_burden"
"4329","COD13949","mansoni_low_burden"
"4330","COD13950","mansoni_low_burden"
"4331","COD13952","mansoni_low_burden"
"4332","COD13957","mansoni_low_burden"
"4333","COD13899","mansoni_low_burden"
"4336","COD13921","mansoni_low_burden"
"4346","COD13964","mansoni_low_burden"
"4351","COD14236","mansoni_low_burden"
"4363","COD14273","mansoni_low_burden"
"4369","COD14291","mansoni_low_burden"
"4372","AGO02089","mansoni_low_burden"
"4374","ZMB50829","mansoni_low_burden"
"4380","ZMB50889","mansoni_low_burden"
"4389","BEN03267","mansoni_low_burden"
"4391","NGA36679","mansoni_low_burden"
"4394","NGA36661","mansoni_low_burden"
"4396","NGA36667","mansoni_low_burden"
"4398","NGA36674","mansoni_low_burden"
"4399","NGA36660","mansoni_low_burden"
"4403","AGO02078","mansoni_low_burden"
"4404","GNB23727","mansoni_low_burden"
"4405","GNB23709","mansoni_low_burden"
"4412","GNB23713","mansoni_low_burden"
"4413","GNB23723","mansoni_low_burden"
"4417","GNB23722","mansoni_low_burden"
"4418","GNB23710","mansoni_low_burden"
"4420","GNB23716","mansoni_low_burden"
"4421","GNB23717","mansoni_low_burden"
"4423","NGA37091","mansoni_low_burden"
"4425","CIV15400","mansoni_low_burden"
"4426","NGA37083","mansoni_low_burden"
"4427","NGA37084","mansoni_low_burden"
"4431","ETH18683","mansoni_low_burden"
"4441","GNB23666","mansoni_low_burden"
"4447","GNB23667","mansoni_low_burden"
"4448","COD13831","mansoni_low_burden"
"4449","COD13848","mansoni_low_burden"
"4451","GAB20337","mansoni_low_burden"
"4452","GAB20341","mansoni_low_burden"
"4453","GAB20342","mansoni_low_burden"
"4455","GAB20348","mansoni_low_burden"
"4456","GAB20349","mansoni_low_burden"
"4457","GAB20351","mansoni_low_burden"
"4458","GAB20352","mansoni_low_burden"
"4459","GAB20353","mansoni_low_burden"
"4460","GAB20354","mansoni_low_burden"
"4461","GAB20355","mansoni_low_burden"
"4462","GAB20356","mansoni_low_burden"
"4463","GAB20357","mansoni_low_burden"
"4464","GAB20358","mansoni_low_burden"
"4465","GAB20360","mansoni_low_burden"
"4466","GAB20362","mansoni_low_burden"
"4467","GAB20363","mansoni_low_burden"
"4469","GAB20367","mansoni_low_burden"
"4470","GAB20368","mansoni_low_burden"
"4471","GAB20370","mansoni_low_burden"
"4472","GAB20371","mansoni_low_burden"
"4473","GAB20372","mansoni_low_burden"
"4474","GAB20374","mansoni_low_burden"
"4475","GAB20375","mansoni_low_burden"
"4476","GAB20377","mansoni_low_burden"
"4477","GAB20378","mansoni_low_burden"
"4478","NGA36431","mansoni_low_burden"
"4479","COD13820","mansoni_low_burden"
"4480","COD13822","mansoni_low_burden"
"4481","COD13828","mansoni_low_burden"
"4485","COD14329","mansoni_low_burden"
"4486","GAB20369","mansoni_low_burden"
"4487","GNB23692","mansoni_low_burden"
"4488","GNB23696","mansoni_low_burden"
"4490","GNB23649","mansoni_low_burden"
"4491","GNB23761","mansoni_low_burden"
"4493","NGA36492","mansoni_low_burden"
"4494","NGA36493","mansoni_low_burden"
"4495","GAB20373","mansoni_low_burden"
"4502","NGA36484","mansoni_low_burden"
"4503","ZMB50843","mansoni_low_burden"
"4504","ZMB50844","mansoni_low_burden"
"4505","ZMB50847","mansoni_low_burden"
"4506","ZMB50848","mansoni_low_burden"
"4507","ZMB53173","mansoni_low_burden"
"4508","ZMB53175","mansoni_low_burden"
"4510","ZMB50845","mansoni_low_burden"
"4511","ZMB50849","mansoni_low_burden"
"4513","ZMB53172","mansoni_low_burden"
"4514","ZMB53174","mansoni_low_burden"
"4515","NGA36547","mansoni_low_burden"
"4517","NGA37093","mansoni_low_burden"
"4522","AGO02215","mansoni_low_burden"
"4527","COD14106","mansoni_low_burden"
"4528","COD13832","mansoni_low_burden"
"4529","COD13861","mansoni_low_burden"
"4530","AGO02170","mansoni_low_burden"
"4531","CIV15353","mansoni_low_burden"
"4532","GHA21610","mansoni_low_burden"
"4533","GHA21677","mansoni_low_burden"
"4534","AGO02110","mansoni_low_burden"
"4535","AGO02111","mansoni_low_burden"
"4536","AGO02114","mansoni_low_burden"
"4537","AGO02115","mansoni_low_burden"
"4539","AGO02138","mansoni_low_burden"
"4540","ZMB50836","mansoni_low_burden"
"4541","ZMB50860","mansoni_low_burden"
"4546","ETH19347","mansoni_low_burden"
"4547","ETH19087","mansoni_low_burden"
"4548","ETH19490","mansoni_low_burden"
"4549","ETH19397","mansoni_low_burden"
"4550","AGO02090","mansoni_low_burden"
"4551","AGO02091","mansoni_low_burden"
"4552","AGO02093","mansoni_low_burden"
"4553","BWA04306","mansoni_low_burden"
"4554","BWA04314","mansoni_low_burden"
"4555","BWA04315","mansoni_low_burden"
"4556","CIV15421","mansoni_low_burden"
"4557","GHA21674","mansoni_low_burden"
"4558","AGO02137","mansoni_low_burden"
"4559","ZMB50863","mansoni_low_burden"
"4560","ZMB50864","mansoni_low_burden"
"4561","ZMB50865","mansoni_low_burden"
"4562","ZMB50866","mansoni_low_burden"
"4563","ZMB50867","mansoni_low_burden"
"4564","ZMB50868","mansoni_low_burden"
"4565","ZMB50870","mansoni_low_burden"
"4566","ZMB50871","mansoni_low_burden"
"4567","ZMB50872","mansoni_low_burden"
"4568","ZMB50873","mansoni_low_burden"
"4569","ZMB53180","mansoni_low_burden"
"4570","ZMB53182","mansoni_low_burden"
"4571","ZMB53183","mansoni_low_burden"
"4584","AGO02151","mansoni_low_burden"
"4585","AGO02155","mansoni_low_burden"
"4586","RWA38130","mansoni_low_burden"
"4587","RWA38137","mansoni_low_burden"
"4589","SEN40183","mansoni_low_burden"
"4591","GHA21666","mansoni_low_burden"
"4592","COD13830","mansoni_low_burden"
"4594","AGO02130","mansoni_low_burden"
"4595","AGO02131","mansoni_low_burden"
"4596","AGO02153","mansoni_low_burden"
"4599","GIN22617","mansoni_low_burden"
"4600","GIN22605","mansoni_low_burden"
"4601","GNB23682","mansoni_low_burden"
"4602","GNB23681","mansoni_low_burden"
"4603","GNB23745","mansoni_low_burden"
"4604","GNB23680","mansoni_low_burden"
"4605","GNB23647","mansoni_low_burden"
"4606","GNB23741","mansoni_low_burden"
"4607","GNB23645","mansoni_low_burden"
"4623","SLE42262","mansoni_low_burden"
"4624","GMB47659","mansoni_low_burden"
"4631","BEN03283","mansoni_low_burden"
"4632","BEN03284","mansoni_low_burden"
"4634","BEN03272","mansoni_low_burden"
"4637","BEN03271","mansoni_low_burden"
"4638","BEN03227","mansoni_low_burden"
"4641","BEN03275","mansoni_low_burden"
"4642","BEN03261","mansoni_low_burden"
"4643","BEN03260","mansoni_low_burden"
"4644","NGA36753","mansoni_low_burden"
"4645","NGA36783","mansoni_low_burden"
"4649","NGA36759","mansoni_low_burden"
"4652","NGA36491","mansoni_low_burden"
"4654","NGA36664","mansoni_low_burden"
"4698","COD13824","mansoni_low_burden"
"4702","COD13834","mansoni_low_burden"
"4709","COD13847","mansoni_low_burden"
"4712","COD13851","mansoni_low_burden"
"4720","COD13862","mansoni_low_burden"
"4721","COD13864","mansoni_low_burden"
"4722","COD13865","mansoni_low_burden"
"4729","COD13929","mansoni_low_burden"
"4742","COD13970","mansoni_low_burden"
"4743","COD13971","mansoni_low_burden"
"4751","COD13980","mansoni_low_burden"
"4755","COD13993","mansoni_low_burden"
"4761","COD14002","mansoni_low_burden"
"4764","COD14005","mansoni_low_burden"
"4769","COD14058","mansoni_low_burden"
"4770","COD14075","mansoni_low_burden"
"4771","COD14099","mansoni_low_burden"
"4772","COD14118","mansoni_low_burden"
"4775","GAB20335","mansoni_low_burden"
"4781","KEN54234","mansoni_low_burden"
"4783","KEN54230","mansoni_low_burden"
"4784","KEN54231","mansoni_low_burden"
"4785","KEN54126","mansoni_low_burden"
"4786","KEN54055","mansoni_low_burden"
"4787","KEN54225","mansoni_low_burden"
"4788","KEN54212","mansoni_low_burden"
"4789","KEN54205","mansoni_low_burden"
"4790","KEN54222","mansoni_low_burden"
"4791","KEN54223","mansoni_low_burden"
"4792","KEN54224","mansoni_low_burden"
"4793","KEN54207","mansoni_low_burden"
"4794","KEN54209","mansoni_low_burden"
"4795","KEN54213","mansoni_low_burden"
"4796","SDN66064","mansoni_low_burden"
"4797","SDN66065","mansoni_low_burden"
"4799","SDN66077","mansoni_low_burden"
"4800","SDN66073","mansoni_low_burden"
"4801","SDN66074","mansoni_low_burden"
"4802","SDN66072","mansoni_low_burden"
"4803","SDN66076","mansoni_low_burden"
"4804","SDN66069","mansoni_low_burden"
"4805","SDN66056","mansoni_low_burden"
"4806","SDN66055","mansoni_low_burden"
"4807","SDN66097","mansoni_low_burden"
"4808","SDN66092","mansoni_low_burden"
"4810","SDN66102","mansoni_low_burden"
"4811","SDN66104","mansoni_low_burden"
"4812","SDN66103","mansoni_low_burden"
"4822","SDN66093","mansoni_low_burden"
"4832","AGO02168","mansoni_low_burden"
"4837","AGO02184","mansoni_low_burden"
"4843","GIN22619","mansoni_low_burden"
"4845","LBR26830","mansoni_low_burden"
"4846","GMB47633","mansoni_low_burden"
"4848","GMB47664","mansoni_low_burden"
"4849","GMB47661","mansoni_low_burden"
"4850","GMB47665","mansoni_low_burden"
"4852","NGA36488","mansoni_low_burden"
"4854","NGA36430","mansoni_low_burden"
"4855","NGA36438","mansoni_low_burden"
"4856","NGA36440","mansoni_low_burden"
"4857","NGA36823","mansoni_low_burden"
"4858","BDI06424","mansoni_low_burden"
"4859","COG12814","mansoni_low_burden"
"4860","COG12822","mansoni_low_burden"
"4861","COD13833","mansoni_low_burden"
"4862","COD13835","mansoni_low_burden"
"4863","COD13838","mansoni_low_burden"
"4864","COD13844","mansoni_low_burden"
"4865","COD13895","mansoni_low_burden"
"4866","COD13962","mansoni_low_burden"
"4867","COD13963","mansoni_low_burden"
"4868","COD13975","mansoni_low_burden"
"4869","COD13983","mansoni_low_burden"
"4870","COD13990","mansoni_low_burden"
"4871","COD13996","mansoni_low_burden"
"4872","COD13998","mansoni_low_burden"
"4873","COD14007","mansoni_low_burden"
"4877","COD14022","mansoni_low_burden"
"4878","COD14026","mansoni_low_burden"
"4879","COD14029","mansoni_low_burden"
"4882","COD14036","mansoni_low_burden"
"4883","COD14038","mansoni_low_burden"
"4884","COD14047","mansoni_low_burden"
"4887","COD14054","mansoni_low_burden"
"4888","COD14055","mansoni_low_burden"
"4889","COD14060","mansoni_low_burden"
"4890","COD14070","mansoni_low_burden"
"4891","COD14076","mansoni_low_burden"
"4892","COD14077","mansoni_low_burden"
"4893","COD14082","mansoni_low_burden"
"4894","COD14085","mansoni_low_burden"
"4895","COD14087","mansoni_low_burden"
"4896","COD14095","mansoni_low_burden"
"4897","COD14096","mansoni_low_burden"
"4898","COD14111","mansoni_low_burden"
"4899","COD14112","mansoni_low_burden"
"4900","COD14114","mansoni_low_burden"
"4901","COD14115","mansoni_low_burden"
"4902","COD14117","mansoni_low_burden"
"4903","COD14120","mansoni_low_burden"
"4904","COD14122","mansoni_low_burden"
"4905","COD14126","mansoni_low_burden"
"4906","COD14128","mansoni_low_burden"
"4907","COD14129","mansoni_low_burden"
"4908","COD14130","mansoni_low_burden"
"4909","COD14131","mansoni_low_burden"
"4910","COD14132","mansoni_low_burden"
"4911","COD14133","mansoni_low_burden"
"4912","COD14134","mansoni_low_burden"
"4913","COD14136","mansoni_low_burden"
"4914","COD14137","mansoni_low_burden"
"4915","COD14138","mansoni_low_burden"
"4916","COD14139","mansoni_low_burden"
"4917","COD14140","mansoni_low_burden"
"4918","COD14142","mansoni_low_burden"
"4919","COD14144","mansoni_low_burden"
"4920","COD14145","mansoni_low_burden"
"4921","COD14146","mansoni_low_burden"
"4922","COD14147","mansoni_low_burden"
"4923","COD14148","mansoni_low_burden"
"4924","COD14149","mansoni_low_burden"
"4925","COD14150","mansoni_low_burden"
"4926","COD14151","mansoni_low_burden"
"4927","COD14153","mansoni_low_burden"
"4928","COD14154","mansoni_low_burden"
"4929","COD14155","mansoni_low_burden"
"4930","COD14157","mansoni_low_burden"
"4931","COD14160","mansoni_low_burden"
"4937","COD14248","mansoni_low_burden"
"4940","COD14334","mansoni_low_burden"
"4941","COD14335","mansoni_low_burden"
"4942","GAB20365","mansoni_low_burden"
"4943","ERI17485","mansoni_low_burden"
"4944","ERI17477","mansoni_low_burden"
"4945","ERI17483","mansoni_low_burden"
"4946","ERI17439","mansoni_low_burden"
"4948","KEN54151","mansoni_low_burden"
"4949","KEN54153","mansoni_low_burden"
"4950","KEN54282","mansoni_low_burden"
"4951","KEN54285","mansoni_low_burden"
"4952","KEN54286","mansoni_low_burden"
"4953","KEN54040","mansoni_low_burden"
"4954","KEN54041","mansoni_low_burden"
"4955","KEN54281","mansoni_low_burden"
"4956","KEN54117","mansoni_low_burden"
"4957","KEN54241","mansoni_low_burden"
"4959","SDN66067","mansoni_low_burden"
"4960","SDN66068","mansoni_low_burden"
"4961","SDN66146","mansoni_low_burden"
"4962","SDN66070","mansoni_low_burden"
"4963","SDN66147","mansoni_low_burden"
"4964","SDN66071","mansoni_low_burden"
"4967","SDN66149","mansoni_low_burden"
"4968","SDN66078","mansoni_low_burden"
"4969","SDN66034","mansoni_low_burden"
"4970","SDN66027","mansoni_low_burden"
"4971","SDN66126","mansoni_low_burden"
"4972","SDN66043","mansoni_low_burden"
"4973","SDN66112","mansoni_low_burden"
"4974","SDN66122","mansoni_low_burden"
"4975","SDN66062","mansoni_low_burden"
"4976","SDN66025","mansoni_low_burden"
"4978","SDN66050","mansoni_low_burden"
"4979","SDN66049","mansoni_low_burden"
"4980","SDN66053","mansoni_low_burden"
"4981","SDN66047","mansoni_low_burden"
"4982","SDN66158","mansoni_low_burden"
"4983","SDN66154","mansoni_low_burden"
"4984","SDN66083","mansoni_low_burden"
"4985","SDN66082","mansoni_low_burden"
"4986","SDN66079","mansoni_low_burden"
"4987","SDN66080","mansoni_low_burden"
"4988","SDN66150","mansoni_low_burden"
"4989","SDN66159","mansoni_low_burden"
"4990","SDN66004","mansoni_low_burden"
"4991","SDN66003","mansoni_low_burden"
"4992","SDN66106","mansoni_low_burden"
"4993","SDN66162","mansoni_low_burden"
"4994","SDN66009","mansoni_low_burden"
"4995","SDN66091","mansoni_low_burden"
"4996","SDN66098","mansoni_low_burden"
"4997","SDN66094","mansoni_low_burden"
"4998","ETH19048","mansoni_low_burden"
"4999","ETH19059","mansoni_low_burden"
"5000","ETH18514","mansoni_low_burden"
"5001","ETH18516","mansoni_low_burden"
"5002","ETH19389","mansoni_low_burden"
"5003","ETH19500","mansoni_low_burden"
"5004","ETH18526","mansoni_low_burden"
"5007","AGO02165","mansoni_low_burden"
"5008","AGO02169","mansoni_low_burden"
"5009","AGO02171","mansoni_low_burden"
"5010","AGO02174","mansoni_low_burden"
"5011","AGO02176","mansoni_low_burden"
"5012","AGO02182","mansoni_low_burden"
"5013","AGO02183","mansoni_low_burden"
"5014","AGO02222","mansoni_low_burden"
"5015","ZMB50862","mansoni_low_burden"
